,article_id,category_id
0,1,5
1,2,2
2,2,14
3,3,14
4,3,13
5,3,15
6,4,0
7,4,4
8,4,9
9,6,15
10,6,16
11,7,10
12,7,7
13,7,13
14,7,6
15,8,15
16,8,11
17,9,10
18,9,4
19,9,2
20,11,14
21,12,3
22,13,8
23,13,14
24,14,8
25,16,9
26,17,10
27,18,3
28,18,2
29,19,5
30,19,13
31,21,13
32,22,4
33,22,11
34,22,13
35,23,12
36,23,5
37,23,10
38,23,10
39,24,9
40,24,7
41,26,0
42,26,14
43,26,9
44,27,16
45,27,16
46,27,8
47,27,4
48,28,3
49,28,6
50,28,12
51,29,4
52,29,5
53,29,4
54,31,2
55,32,1
56,33,9
57,34,15
58,34,2
59,34,1
60,36,0
61,37,9
62,38,7
63,38,3
64,38,12
65,39,14
66,39,14
67,39,4
68,41,16
69,41,13
70,42,11
71,42,6
72,42,0
73,43,0
74,43,8
75,43,14
76,44,6
77,44,10
78,44,3
79,46,0
80,46,1
81,47,0
82,47,6
83,47,10
84,47,15
85,48,8
86,49,3
87,49,11
88,49,9
89,51,2
90,52,10
91,52,8
92,52,4
93,53,10
94,53,6
95,54,10
96,54,13
97,54,16
98,56,1
99,56,16
100,56,8
101,56,2
102,57,14
103,57,9
104,57,10
105,58,16
106,59,5
107,59,6
108,61,4
109,61,1
110,62,15
111,62,6
112,62,4
113,62,15
114,63,14
115,63,2
116,64,10
117,66,1
118,66,9
119,66,8
120,66,2
121,67,3
122,68,10
123,68,0
124,68,9
125,69,0
126,71,14
127,72,11
128,72,3
129,72,5
130,72,11
131,73,1
132,74,8
133,76,2
134,76,5
135,77,0
136,77,13
137,77,1
138,78,16
139,78,1
140,78,3
141,78,11
142,79,15
143,79,1
144,81,11
145,81,13
146,81,8
147,82,11
148,82,13
149,83,0
150,83,8
151,83,11
152,84,3
153,86,8
154,86,10
155,87,1
156,87,1
157,87,10
158,88,10
159,88,6
160,88,12
161,88,13
162,89,1
163,89,0
164,89,8
165,89,15
166,91,9
167,91,8
168,92,14
169,92,3
170,93,14
171,94,0
172,96,11
173,96,0
174,97,10
175,97,16
176,97,13
177,97,6
178,98,10
179,98,3
180,98,13
181,99,10
182,99,2
183,99,1
184,99,14
185,101,10
186,101,8
187,101,13
188,102,10
189,102,10
190,102,16
191,103,4
192,103,9
193,104,11
194,104,10
195,104,13
196,104,6
197,106,8
198,106,9
199,106,1
200,107,13
201,107,4
202,107,0
203,108,2
204,109,10
205,109,13
206,109,13
207,111,11
208,111,15
209,111,7
210,112,14
211,112,0
212,112,15
213,112,11
214,113,4
215,113,15
216,113,2
217,114,2
218,114,4
219,114,7
220,116,15
221,116,14
222,117,10
223,117,4
224,118,6
225,119,2
226,119,15
227,119,9
228,119,13
229,121,12
230,121,7
231,121,1
232,122,0
233,122,4
234,122,4
235,122,14
236,123,15
237,123,0
238,124,15
239,124,5
240,124,6
241,126,15
242,126,7
243,126,14
244,127,13
245,127,3
246,127,3
247,127,3
248,128,14
249,128,9
250,129,7
251,129,14
252,131,7
253,131,10
254,131,11
255,132,13
256,133,13
257,134,0
258,134,6
259,136,11
260,136,1
261,136,6
262,136,1
263,137,15
264,137,9
265,137,12
266,138,8
267,138,8
268,138,8
269,138,10
270,139,10
271,141,16
272,142,2
273,142,8
274,142,5
275,143,10
276,144,3
277,144,14
278,144,7
279,144,15
280,146,2
281,146,1
282,147,10
283,148,0
284,148,11
285,148,9
286,149,16
287,149,15
288,149,10
289,149,12
290,151,4
291,151,5
292,151,10
293,151,9
294,152,1
295,152,9
296,152,14
297,152,13
298,153,3
299,153,8
300,154,12
301,154,3
302,154,13
303,154,14
304,156,7
305,156,11
306,156,16
307,156,2
308,157,14
309,158,6
310,158,10
311,159,8
312,159,16
313,161,14
314,161,4
315,161,14
316,162,5
317,163,16
318,163,0
319,164,11
320,164,4
321,164,4
322,166,15
323,167,3
324,167,9
325,167,9
326,168,11
327,168,14
328,168,3
329,168,1
330,169,12
331,169,15
332,169,15
333,169,0
334,171,1
335,172,11
336,172,10
337,173,10
338,173,2
339,174,9
340,174,11
341,176,11
342,176,11
343,176,3
344,177,2
345,178,14
346,179,0
347,179,6
348,179,4
349,181,12
350,182,3
351,182,14
352,182,1
353,183,10
354,184,8
355,184,2
356,186,12
357,186,2
358,186,14
359,186,1
360,187,14
361,187,0
362,187,1
363,188,14
364,188,6
365,188,2
366,188,13
367,189,1
368,189,14
369,191,16
370,191,16
371,192,7
372,192,2
373,192,11
374,192,8
375,193,5
376,193,14
377,193,13
378,194,4
379,194,4
380,196,7
381,197,7
382,197,13
383,197,6
384,197,4
385,198,9
386,199,0
387,201,0
388,201,10
389,202,8
390,202,14
391,202,12
392,203,0
393,204,5
394,206,8
395,207,11
396,208,5
397,208,14
398,209,0
399,211,0
400,211,3
401,211,6
402,211,0
403,212,0
404,212,10
405,213,0
406,214,0
407,216,4
408,217,15
409,217,1
410,217,13
411,218,9
412,218,7
413,219,12
414,221,14
415,222,7
416,222,5
417,222,10
418,223,1
419,223,4
420,223,16
421,223,4
422,224,11
423,224,4
424,226,13
425,226,13
426,226,9
427,227,5
428,228,3
429,228,13
430,228,7
431,229,2
432,229,11
433,229,14
434,229,12
435,231,9
436,231,3
437,232,13
438,232,14
439,232,7
440,233,14
441,234,12
442,234,13
443,234,11
444,234,4
445,236,9
446,236,0
447,236,6
448,237,8
449,237,14
450,237,1
451,237,11
452,238,1
453,238,8
454,238,7
455,239,3
456,241,3
457,241,3
458,242,10
459,242,5
460,242,2
461,243,14
462,243,9
463,244,13
464,244,7
465,244,13
466,244,6
467,246,13
468,247,0
469,248,16
470,248,16
471,249,8
472,249,12
473,251,4
474,251,13
475,251,5
476,252,3
477,253,14
478,254,1
479,256,4
480,256,11
481,257,16
482,257,13
483,258,4
484,258,8
485,259,3
486,261,15
487,261,6
488,261,10
489,262,5
490,262,9
491,263,8
492,263,16
493,263,10
494,264,10
495,264,9
496,266,2
497,266,8
498,267,11
499,267,3
500,267,1
501,268,4
502,268,2
503,268,11
504,268,6
505,269,14
506,269,5
507,271,11
508,272,9
509,272,11
510,273,4
511,274,1
512,274,14
513,274,7
514,274,5
515,276,2
516,276,1
517,277,3
518,278,8
519,278,13
520,279,8
521,279,11
522,279,16
523,281,3
524,282,7
525,282,2
526,282,9
527,283,6
528,283,10
529,283,2
530,283,6
531,284,16
532,284,8
533,284,11
534,284,14
535,286,8
536,286,16
537,286,10
538,287,13
539,287,4
540,287,8
541,288,9
542,288,12
543,288,7
544,289,3
545,289,12
546,289,3
547,291,7
548,291,9
549,291,3
550,291,11
551,292,9
552,292,16
553,292,8
554,292,4
555,293,12
556,293,4
557,293,0
558,293,7
559,294,6
560,294,0
561,294,5
562,294,16
563,296,15
564,296,5
565,296,0
566,297,16
567,298,7
568,298,12
569,299,3
570,299,13
571,299,12
572,299,0
573,301,5
574,302,11
575,302,16
576,302,12
577,303,4
578,303,1
579,303,4
580,303,14
581,304,2
582,306,0
583,306,16
584,306,12
585,306,16
586,307,10
587,307,15
588,307,13
589,308,12
590,308,16
591,308,4
592,308,1
593,309,5
594,309,6
595,309,16
596,309,5
597,311,15
598,312,9
599,312,4
600,313,3
601,313,7
602,313,6
603,314,2
604,314,3
605,316,14
606,316,15
607,316,10
608,317,4
609,317,7
610,317,14
611,317,13
612,318,16
613,318,1
614,319,0
615,319,12
616,319,13
617,321,6
618,321,10
619,321,10
620,321,6
621,322,7
622,322,8
623,323,6
624,323,8
625,323,2
626,324,5
627,326,13
628,326,10
629,326,11
630,327,16
631,328,1
632,329,9
633,329,6
634,329,15
635,331,15
636,331,1
637,331,8
638,332,13
639,332,16
640,332,3
641,332,7
642,333,6
643,333,1
644,334,16
645,334,16
646,334,15
647,336,13
648,336,2
649,336,8
650,337,0
651,337,13
652,338,1
653,338,11
654,339,9
655,339,2
656,339,16
657,339,11
658,341,12
659,341,4
660,341,5
661,341,4
662,342,14
663,342,14
664,343,10
665,343,1
666,343,13
667,344,5
668,344,0
669,344,1
670,346,12
671,346,1
672,347,14
673,348,13
674,348,12
675,348,10
676,349,0
677,351,11
678,351,4
679,351,2
680,352,12
681,352,9
682,352,9
683,352,0
684,353,10
685,353,9
686,353,2
687,353,4
688,354,4
689,354,13
690,354,1
691,354,14
692,356,9
693,356,16
694,356,10
695,357,6
696,357,14
697,358,15
698,358,14
699,358,1
700,359,13
701,361,15
702,361,15
703,362,7
704,363,14
705,363,1
706,364,7
707,364,4
708,366,10
709,367,9
710,368,2
711,368,13
712,368,3
713,369,13
714,369,14
715,369,4
716,371,10
717,372,0
718,372,12
719,372,6
720,373,9
721,374,15
722,376,2
723,377,0
724,377,4
725,377,8
726,378,5
727,378,13
728,379,7
729,379,15
730,379,8
731,381,11
732,382,16
733,383,4
734,383,15
735,383,6
736,383,11
737,384,11
738,384,12
739,384,13
740,384,1
741,386,13
742,386,11
743,387,11
744,387,4
745,388,1
746,388,15
747,388,2
748,389,11
749,389,14
750,391,11
751,391,10
752,391,10
753,391,11
754,392,7
755,392,8
756,392,14
757,392,0
758,393,11
759,393,6
760,394,1
761,396,14
762,396,15
763,396,0
764,396,12
765,397,9
766,397,15
767,397,1
768,397,9
769,398,6
770,398,4
771,398,9
772,398,15
773,399,16
774,399,13
775,399,8
776,399,6
777,401,10
778,401,0
779,401,11
780,401,10
781,402,10
782,402,6
783,402,6
784,402,1
785,403,12
786,403,2
787,404,1
788,404,6
789,406,2
790,406,13
791,407,8
792,407,3
793,408,8
794,409,0
795,411,3
796,411,16
797,411,11
798,411,2
799,412,13
800,412,7
801,412,15
802,413,14
803,413,0
804,414,9
805,414,12
806,414,3
807,414,13
808,416,0
809,416,4
810,416,3
811,416,5
812,417,3
813,418,13
814,419,4
815,419,8
816,419,3
817,421,12
818,421,3
819,421,16
820,422,2
821,422,1
822,422,2
823,422,11
824,423,6
825,424,15
826,424,15
827,424,8
828,426,5
829,426,16
830,426,4
831,426,5
832,427,2
833,427,1
834,427,12
835,428,4
836,428,0
837,428,7
838,428,6
839,429,1
840,429,3
841,429,16
842,431,8
843,431,5
844,432,14
845,433,12
846,434,6
847,434,7
848,434,0
849,436,13
850,436,1
851,436,1
852,436,14
853,437,4
854,437,15
855,437,1
856,437,6
857,438,5
858,438,11
859,438,9
860,439,10
861,439,3
862,439,12
863,441,7
864,441,2
865,441,0
866,442,7
867,442,14
868,442,1
869,442,4
870,443,8
871,443,10
872,443,4
873,444,4
874,444,13
875,444,10
876,444,1
877,446,16
878,446,1
879,446,15
880,447,9
881,447,15
882,448,13
883,448,0
884,449,5
885,451,2
886,451,16
887,452,9
888,453,6
889,453,16
890,453,5
891,454,7
892,456,8
893,456,6
894,456,1
895,457,10
896,458,5
897,459,2
898,459,13
899,459,2
900,461,5
901,461,8
902,462,9
903,463,3
904,463,9
905,463,3
906,463,4
907,464,16
908,464,14
909,466,10
910,466,10
911,466,14
912,466,10
913,467,12
914,467,3
915,468,15
916,468,13
917,468,7
918,469,3
919,469,14
920,471,11
921,471,16
922,471,14
923,471,15
924,472,5
925,473,12
926,473,10
927,473,2
928,473,3
929,474,5
930,474,8
931,476,6
932,476,3
933,476,6
934,477,13
935,477,12
936,477,7
937,478,10
938,478,3
939,478,6
940,479,15
941,479,13
942,479,4
943,479,5
944,481,2
945,481,2
946,481,9
947,481,7
948,482,14
949,482,16
950,482,10
951,482,11
952,483,6
953,483,13
954,484,14
955,484,10
956,484,11
957,484,10
958,486,15
959,486,1
960,486,16
961,487,4
962,487,12
963,487,1
964,488,2
965,489,0
966,489,3
967,489,4
968,491,12
969,491,5
970,491,2
971,492,1
972,492,11
973,493,9
974,493,15
975,494,13
976,494,2
977,496,13
978,496,2
979,496,12
980,496,11
981,497,2
982,497,6
983,497,15
984,498,5
985,498,6
986,498,12
987,498,13
988,499,12
989,501,7
990,501,5
991,501,12
992,501,16
993,502,1
994,502,8
995,502,7
996,502,14
997,503,9
998,504,0
999,506,4
1000,507,0
1001,507,16
1002,507,1
1003,507,16
1004,508,5
1005,508,0
1006,508,7
1007,508,12
1008,509,1
1009,509,9
1010,511,15
1011,511,10
1012,511,9
1013,512,8
1014,513,10
1015,513,7
1016,514,8
1017,514,7
1018,516,9
1019,516,10
1020,517,0
1021,517,14
1022,517,15
1023,518,2
1024,518,2
1025,518,6
1026,519,3
1027,521,12
1028,521,7
1029,522,2
1030,522,16
1031,522,16
1032,523,4
1033,523,15
1034,523,4
1035,523,7
1036,524,6
1037,526,5
1038,526,2
1039,527,11
1040,527,0
1041,527,3
1042,527,15
1043,528,16
1044,529,5
1045,531,12
1046,532,15
1047,532,14
1048,532,10
1049,532,7
1050,533,4
1051,533,16
1052,534,12
1053,536,7
1054,536,15
1055,536,16
1056,536,4
1057,537,3
1058,537,13
1059,537,5
1060,537,9
1061,538,3
1062,538,0
1063,539,0
1064,541,9
1065,541,1
1066,541,13
1067,542,10
1068,543,1
1069,543,4
1070,544,5
1071,544,9
1072,546,8
1073,546,0
1074,547,7
1075,547,9
1076,548,4
1077,548,8
1078,548,4
1079,548,0
1080,549,13
1081,551,10
1082,552,0
1083,552,15
1084,552,7
1085,553,12
1086,553,16
1087,553,8
1088,554,7
1089,554,8
1090,554,14
1091,556,11
1092,557,15
1093,557,4
1094,557,4
1095,558,1
1096,558,16
1097,558,4
1098,559,13
1099,561,16
1100,561,1
1101,562,11
1102,563,8
1103,564,12
1104,564,13
1105,564,3
1106,566,14
1107,566,1
1108,567,14
1109,567,7
1110,568,7
1111,568,3
1112,568,8
1113,569,3
1114,571,9
1115,571,16
1116,572,14
1117,573,9
1118,573,12
1119,573,3
1120,574,5
1121,574,1
1122,574,12
1123,576,13
1124,576,14
1125,576,6
1126,576,7
1127,577,6
1128,577,3
1129,577,7
1130,578,7
1131,579,15
1132,581,0
1133,581,11
1134,581,1
1135,581,13
1136,582,15
1137,582,3
1138,582,5
1139,582,16
1140,583,8
1141,584,7
1142,584,2
1143,586,6
1144,587,13
1145,587,1
1146,587,10
1147,587,4
1148,588,5
1149,588,4
1150,589,3
1151,589,1
1152,589,12
1153,589,7
1154,591,4
1155,592,0
1156,592,4
1157,592,1
1158,592,10
1159,593,14
1160,594,9
1161,594,3
1162,596,0
1163,596,7
1164,596,9
1165,597,0
1166,597,1
1167,598,0
1168,598,16
1169,599,13
1170,599,1
1171,601,13
1172,601,12
1173,601,8
1174,602,15
1175,602,0
1176,603,9
1177,603,12
1178,604,7
1179,604,15
1180,604,6
1181,606,6
1182,607,16
1183,608,13
1184,608,13
1185,608,2
1186,609,10
1187,609,8
1188,611,14
1189,611,7
1190,611,7
1191,611,14
1192,612,8
1193,612,2
1194,612,14
1195,613,10
1196,613,15
1197,613,11
1198,614,5
1199,616,0
1200,616,10
1201,616,5
1202,617,6
1203,618,9
1204,618,14
1205,618,13
1206,618,10
1207,619,13
1208,619,13
1209,619,12
1210,621,8
1211,621,10
1212,621,16
1213,621,5
1214,622,4
1215,622,12
1216,622,1
1217,623,3
1218,623,11
1219,623,5
1220,624,16
1221,626,11
1222,626,15
1223,627,5
1224,627,16
1225,627,13
1226,627,7
1227,628,10
1228,628,12
1229,628,6
1230,629,3
1231,631,9
1232,631,6
1233,631,11
1234,632,5
1235,632,4
1236,632,6
1237,632,16
1238,633,2
1239,634,12
1240,634,16
1241,636,6
1242,636,16
1243,636,5
1244,637,5
1245,637,4
1246,638,10
1247,638,3
1248,639,4
1249,639,3
1250,639,7
1251,639,2
1252,641,1
1253,641,4
1254,641,10
1255,641,7
1256,642,1
1257,642,9
1258,642,10
1259,643,5
1260,643,6
1261,643,10
1262,643,15
1263,644,9
1264,644,14
1265,644,7
1266,644,2
1267,646,13
1268,647,3
1269,648,14
1270,648,11
1271,649,1
1272,649,13
1273,649,0
1274,651,13
1275,651,1
1276,652,1
1277,652,10
1278,652,2
1279,652,8
1280,653,14
1281,653,10
1282,654,3
1283,654,12
1284,656,16
1285,657,16
1286,657,2
1287,657,11
1288,658,13
1289,658,2
1290,659,3
1291,659,10
1292,659,12
1293,659,13
1294,661,3
1295,661,10
1296,662,5
1297,662,14
1298,662,14
1299,663,16
1300,663,1
1301,664,15
1302,664,11
1303,666,7
1304,666,1
1305,666,4
1306,666,8
1307,667,13
1308,668,4
1309,668,4
1310,668,0
1311,668,12
1312,669,12
1313,671,16
1314,672,4
1315,672,12
1316,672,6
1317,672,6
1318,673,16
1319,673,9
1320,674,3
1321,674,10
1322,674,10
1323,674,14
1324,676,10
1325,676,3
1326,676,4
1327,677,14
1328,678,9
1329,679,2
1330,679,2
1331,679,6
1332,679,13
1333,681,3
1334,681,15
1335,681,0
1336,682,1
1337,682,4
1338,682,3
1339,683,0
1340,683,3
1341,684,1
1342,686,2
1343,686,6
1344,686,9
1345,687,16
1346,687,15
1347,687,11
1348,688,3
1349,689,5
1350,691,1
1351,691,13
1352,691,12
1353,691,7
1354,692,0
1355,693,10
1356,693,8
1357,693,15
1358,693,10
1359,694,7
1360,694,13
1361,696,7
1362,697,9
1363,698,5
1364,698,9
1365,698,13
1366,699,7
1367,699,11
1368,701,4
1369,702,6
1370,702,5
1371,702,11
1372,703,9
1373,703,7
1374,704,2
1375,704,6
1376,704,0
1377,704,1
1378,706,4
1379,706,4
1380,706,9
1381,706,13
1382,707,7
1383,707,7
1384,707,2
1385,708,15
1386,709,7
1387,709,14
1388,709,1
1389,711,15
1390,712,12
1391,712,3
1392,712,2
1393,712,1
1394,713,1
1395,713,5
1396,714,7
1397,714,7
1398,714,0
1399,714,8
1400,716,0
1401,717,13
1402,717,6
1403,717,11
1404,717,16
1405,718,10
1406,719,6
1407,719,0
1408,721,4
1409,721,9
1410,722,8
1411,722,3
1412,722,5
1413,722,7
1414,723,12
1415,723,0
1416,723,5
1417,723,8
1418,724,16
1419,724,11
1420,724,6
1421,726,16
1422,726,7
1423,726,4
1424,726,16
1425,727,3
1426,728,6
1427,728,14
1428,728,15
1429,728,11
1430,729,14
1431,729,1
1432,729,11
1433,729,16
1434,731,15
1435,731,8
1436,731,15
1437,732,7
1438,733,10
1439,733,7
1440,734,1
1441,734,0
1442,736,3
1443,737,2
1444,738,1
1445,738,14
1446,738,7
1447,739,5
1448,739,11
1449,739,4
1450,741,8
1451,741,10
1452,741,10
1453,742,6
1454,742,7
1455,742,3
1456,743,5
1457,744,6
1458,744,6
1459,744,13
1460,746,6
1461,746,3
1462,746,13
1463,746,6
1464,747,12
1465,747,5
1466,748,16
1467,748,11
1468,748,11
1469,749,1
1470,749,12
1471,749,3
1472,751,5
1473,751,7
1474,751,6
1475,752,8
1476,752,15
1477,752,12
1478,752,3
1479,753,13
1480,753,15
1481,753,8
1482,753,6
1483,754,14
1484,754,11
1485,754,2
1486,754,10
1487,756,11
1488,756,11
1489,756,14
1490,757,9
1491,757,0
1492,757,13
1493,758,6
1494,758,16
1495,759,3
1496,759,15
1497,761,6
1498,761,4
1499,761,8
1500,761,5
1501,762,5
1502,762,6
1503,762,1
1504,763,9
1505,763,13
1506,764,4
1507,764,16
1508,766,3
1509,766,9
1510,766,11
1511,767,16
1512,767,10
1513,768,11
1514,769,5
1515,771,16
1516,771,4
1517,771,6
1518,772,15
1519,772,11
1520,773,11
1521,773,6
1522,773,3
1523,773,15
1524,774,1
1525,776,8
1526,776,4
1527,776,5
1528,776,4
1529,777,13
1530,777,8
1531,777,8
1532,777,7
1533,778,3
1534,779,10
1535,781,10
1536,782,4
1537,782,1
1538,783,3
1539,784,12
1540,784,12
1541,786,13
1542,786,14
1543,787,13
1544,787,8
1545,787,13
1546,787,8
1547,788,1
1548,788,10
1549,789,14
1550,791,11
1551,791,6
1552,792,9
1553,793,5
1554,794,3
1555,794,5
1556,796,15
1557,796,9
1558,797,5
1559,797,9
1560,797,10
1561,797,13
1562,798,10
1563,798,7
1564,798,15
1565,799,5
1566,801,6
1567,802,16
1568,802,10
1569,803,3
1570,803,2
1571,803,10
1572,803,4
1573,804,15
1574,804,1
1575,804,0
1576,806,2
1577,806,10
1578,806,2
1579,807,8
1580,807,7
1581,808,10
1582,808,7
1583,809,4
1584,809,16
1585,809,6
1586,811,14
1587,811,8
1588,811,11
1589,812,14
1590,812,15
1591,813,2
1592,813,6
1593,813,9
1594,813,11
1595,814,4
1596,814,6
1597,814,11
1598,816,1
1599,817,0
1600,817,14
1601,817,1
1602,818,3
1603,818,3
1604,818,14
1605,818,5
1606,819,5
1607,819,10
1608,819,2
1609,821,11
1610,821,14
1611,821,14
1612,822,2
1613,822,14
1614,823,16
1615,823,11
1616,824,13
1617,826,14
1618,826,0
1619,826,10
1620,826,6
1621,827,9
1622,828,3
1623,829,13
1624,831,14
1625,831,5
1626,832,5
1627,832,6
1628,832,4
1629,832,3
1630,833,16
1631,833,12
1632,834,12
1633,834,0
1634,834,8
1635,834,2
1636,836,3
1637,836,2
1638,837,6
1639,837,6
1640,837,6
1641,837,7
1642,838,8
1643,838,15
1644,838,12
1645,838,14
1646,839,2
1647,839,7
1648,839,15
1649,839,9
1650,841,15
1651,841,0
1652,842,16
1653,842,12
1654,842,7
1655,843,13
1656,843,16
1657,843,0
1658,844,1
1659,846,10
1660,846,11
1661,846,8
1662,847,14
1663,847,14
1664,847,2
1665,848,10
1666,848,0
1667,848,3
1668,849,5
1669,849,7
1670,849,6
1671,849,8
1672,851,1
1673,851,16
1674,851,1
1675,851,14
1676,852,7
1677,852,5
1678,852,4
1679,852,10
1680,853,6
1681,854,5
1682,856,13
1683,856,16
1684,856,16
1685,857,6
1686,857,8
1687,858,14
1688,858,9
1689,858,11
1690,859,10
1691,859,11
1692,859,8
1693,861,5
1694,861,7
1695,861,5
1696,862,16
1697,862,15
1698,863,11
1699,863,12
1700,864,13
1701,864,11
1702,864,16
1703,866,13
1704,866,0
1705,866,6
1706,866,15
1707,867,9
1708,867,14
1709,867,3
1710,868,16
1711,869,0
1712,871,2
1713,871,11
1714,871,13
1715,872,8
1716,873,13
1717,873,14
1718,874,9
1719,874,6
1720,874,5
1721,874,16
1722,876,5
1723,876,6
1724,877,10
1725,877,4
1726,877,1
1727,878,7
1728,879,3
1729,879,0
1730,881,16
1731,882,11
1732,883,8
1733,883,6
1734,884,13
1735,884,8
1736,884,11
1737,884,4
1738,886,7
1739,886,12
1740,887,2
1741,888,4
1742,888,12
1743,888,3
1744,888,6
1745,889,0
1746,889,15
1747,891,7
1748,892,15
1749,892,16
1750,893,0
1751,893,9
1752,894,0
1753,894,7
1754,894,14
1755,894,0
1756,896,9
1757,897,14
1758,897,11
1759,897,15
1760,898,16
1761,898,7
1762,899,11
1763,901,11
1764,901,8
1765,901,6
1766,901,4
1767,902,12
1768,902,7
1769,902,0
1770,903,7
1771,903,7
1772,903,6
1773,904,4
1774,904,2
1775,906,13
1776,906,3
1777,906,12
1778,907,13
1779,908,16
1780,909,10
1781,909,16
1782,909,14
1783,909,15
1784,911,8
1785,911,3
1786,911,7
1787,911,1
1788,912,3
1789,912,10
1790,912,5
1791,913,16
1792,913,0
1793,914,0
1794,914,13
1795,914,12
1796,914,7
1797,916,1
1798,916,11
1799,916,13
1800,917,1
1801,917,15
1802,917,6
1803,918,15
1804,918,6
1805,918,15
1806,918,15
1807,919,3
1808,919,1
1809,921,4
1810,921,0
1811,921,6
1812,922,11
1813,922,13
1814,923,10
1815,923,8
1816,923,16
1817,924,3
1818,924,6
1819,924,8
1820,926,6
1821,926,1
1822,926,16
1823,927,9
1824,928,7
1825,928,9
1826,928,0
1827,929,0
1828,929,7
1829,929,1
1830,931,11
1831,931,13
1832,932,10
1833,932,12
1834,932,12
1835,933,9
1836,934,7
1837,934,9
1838,936,12
1839,936,13
1840,936,12
1841,937,7
1842,938,12
1843,939,15
1844,939,15
1845,939,10
1846,941,10
1847,942,1
1848,942,0
1849,942,0
1850,943,2
1851,943,14
1852,943,14
1853,944,0
1854,944,2
1855,946,5
1856,946,14
1857,946,14
1858,947,9
1859,947,11
1860,947,2
1861,947,5
1862,948,7
1863,949,13
1864,949,14
1865,949,12
1866,949,6
1867,951,6
1868,951,15
1869,952,12
1870,952,4
1871,952,1
1872,953,14
1873,954,2
1874,954,13
1875,956,4
1876,956,15
1877,957,2
1878,957,0
1879,958,15
1880,958,16
1881,958,10
1882,959,3
1883,959,10
1884,961,7
1885,961,13
1886,961,13
1887,962,14
1888,962,7
1889,962,15
1890,962,12
1891,963,5
1892,963,5
1893,964,7
1894,966,1
1895,966,8
1896,967,8
1897,967,14
1898,967,8
1899,967,14
1900,968,3
1901,968,9
1902,968,13
1903,969,3
1904,971,11
1905,971,8
1906,971,2
1907,971,13
1908,972,1
1909,972,3
1910,972,12
1911,973,14
1912,974,1
1913,974,5
1914,976,12
1915,977,0
1916,978,2
1917,978,15
1918,978,0
1919,978,11
1920,979,2
1921,979,15
1922,979,12
1923,979,7
1924,981,12
1925,981,16
1926,982,0
1927,982,0
1928,983,11
1929,983,9
1930,983,9
1931,984,5
1932,984,10
1933,984,2
1934,986,16
1935,986,2
1936,986,12
1937,986,4
1938,987,15
1939,987,12
1940,987,16
1941,988,3
1942,988,10
1943,988,12
1944,989,1
1945,989,7
1946,989,14
1947,991,14
1948,991,13
1949,991,12
1950,991,3
1951,992,13
1952,992,1
1953,993,6
1954,993,12
1955,993,1
1956,993,11
1957,994,5
1958,994,6
1959,994,9
1960,994,10
1961,996,3
1962,996,6
1963,997,15
1964,997,13
1965,997,5
1966,997,2
1967,998,13
1968,998,9
1969,999,9
1970,999,8
1971,999,16
1972,1001,15
1973,1001,14
1974,1001,8
1975,1002,8
1976,1002,1
1977,1002,1
1978,1003,13
1979,1003,4
1980,1004,3
1981,1004,6
1982,1004,7
1983,1006,3
1984,1007,6
1985,1007,16
1986,1008,3
1987,1009,8
1988,1009,4
1989,1009,0
1990,1011,11
1991,1011,2
1992,1012,1
1993,1012,8
1994,1012,8
1995,1012,9
1996,1013,7
1997,1013,1
1998,1013,2
1999,1014,7
2000,1014,5
2001,1014,14
2002,1016,5
2003,1016,6
2004,1016,1
2005,1017,0
2006,1017,15
2007,1017,16
2008,1017,9
2009,1018,12
2010,1019,7
2011,1019,6
2012,1019,0
2013,1021,10
2014,1021,5
2015,1021,16
2016,1021,7
2017,1022,1
2018,1022,14
2019,1023,1
2020,1023,3
2021,1024,13
2022,1024,13
2023,1024,13
2024,1024,0
2025,1026,4
2026,1026,16
2027,1026,4
2028,1027,16
2029,1027,9
2030,1027,12
2031,1027,2
2032,1028,11
2033,1028,7
2034,1029,1
2035,1029,2
2036,1029,9
2037,1031,4
2038,1031,11
2039,1032,11
2040,1033,11
2041,1034,15
2042,1034,5
2043,1034,16
2044,1034,15
2045,1036,0
2046,1037,4
2047,1037,5
2048,1037,0
2049,1037,2
2050,1038,16
2051,1038,13
2052,1038,9
2053,1039,10
2054,1039,14
2055,1039,11
2056,1041,13
2057,1042,10
2058,1043,8
2059,1043,6
2060,1043,14
2061,1044,7
2062,1044,9
2063,1044,1
2064,1044,7
2065,1046,1
2066,1046,14
2067,1047,14
2068,1048,4
2069,1048,7
2070,1048,6
2071,1048,1
2072,1049,5
2073,1049,8
2074,1051,8
2075,1051,11
2076,1051,12
2077,1051,0
2078,1052,4
2079,1052,13
2080,1052,12
2081,1052,10
2082,1053,2
2083,1053,3
2084,1053,11
2085,1053,2
2086,1054,7
2087,1054,16
2088,1054,7
2089,1054,12
2090,1056,1
2091,1057,4
2092,1058,1
2093,1058,3
2094,1058,13
2095,1059,0
2096,1059,5
2097,1061,9
2098,1061,1
2099,1061,9
2100,1061,8
2101,1062,16
2102,1062,4
2103,1062,7
2104,1063,6
2105,1063,6
2106,1064,14
2107,1064,9
2108,1064,8
2109,1064,10
2110,1066,2
2111,1066,3
2112,1066,16
2113,1067,16
2114,1067,10
2115,1067,16
2116,1067,12
2117,1068,14
2118,1068,8
2119,1068,0
2120,1069,5
2121,1069,5
2122,1071,11
2123,1072,5
2124,1072,8
2125,1072,1
2126,1072,7
2127,1073,13
2128,1073,14
2129,1073,16
2130,1073,5
2131,1074,7
2132,1074,13
2133,1074,14
2134,1076,2
2135,1076,4
2136,1077,10
2137,1077,3
2138,1077,13
2139,1078,10
2140,1079,0
2141,1081,3
2142,1081,4
2143,1082,0
2144,1082,16
2145,1082,11
2146,1083,4
2147,1083,9
2148,1083,0
2149,1084,13
2150,1084,9
2151,1086,4
2152,1086,10
2153,1086,2
2154,1086,6
2155,1087,6
2156,1087,8
2157,1087,5
2158,1088,4
2159,1088,8
2160,1088,7
2161,1089,9
2162,1091,13
2163,1091,16
2164,1092,13
2165,1092,11
2166,1093,14
2167,1093,10
2168,1094,12
2169,1094,15
2170,1094,6
2171,1096,8
2172,1097,5
2173,1098,9
2174,1099,0
2175,1101,3
2176,1101,2
2177,1101,1
2178,1101,10
2179,1102,1
2180,1102,8
2181,1102,7
2182,1103,2
2183,1103,6
2184,1103,16
2185,1104,2
2186,1104,4
2187,1104,10
2188,1106,11
2189,1106,2
2190,1106,16
2191,1107,14
2192,1107,11
2193,1108,6
2194,1108,13
2195,1108,10
2196,1109,16
2197,1111,12
2198,1111,2
2199,1112,6
2200,1112,5
2201,1112,2
2202,1112,7
2203,1113,5
2204,1113,7
2205,1114,4
2206,1114,15
2207,1114,15
2208,1116,4
2209,1116,0
2210,1116,14
2211,1116,7
2212,1117,14
2213,1117,9
2214,1117,10
2215,1117,9
2216,1118,11
2217,1118,6
2218,1118,4
2219,1118,12
2220,1119,14
2221,1119,8
2222,1119,7
2223,1121,3
2224,1122,15
2225,1123,4
2226,1123,7
2227,1124,8
2228,1124,11
2229,1126,2
2230,1126,4
2231,1126,4
2232,1126,3
2233,1127,16
2234,1127,15
2235,1127,13
2236,1127,9
2237,1128,16
2238,1128,9
2239,1129,1
2240,1129,13
2241,1129,7
2242,1131,14
2243,1131,4
2244,1132,6
2245,1132,13
2246,1132,16
2247,1133,7
2248,1134,13
2249,1134,6
2250,1134,5
2251,1134,7
2252,1136,9
2253,1136,13
2254,1137,5
2255,1137,12
2256,1137,9
2257,1138,7
2258,1138,14
2259,1139,13
2260,1139,5
2261,1139,15
2262,1141,7
2263,1141,13
2264,1141,12
2265,1142,3
2266,1142,9
2267,1142,6
2268,1143,2
2269,1143,8
2270,1143,15
2271,1144,8
2272,1144,11
2273,1144,2
2274,1144,9
2275,1146,1
2276,1146,8
2277,1146,2
2278,1146,15
2279,1147,11
2280,1147,1
2281,1148,7
2282,1149,8
2283,1149,8
2284,1151,5
2285,1152,11
2286,1152,12
2287,1153,1
2288,1153,2
2289,1153,8
2290,1154,0
2291,1156,12
2292,1156,14
2293,1156,10
2294,1156,13
2295,1157,6
2296,1158,7
2297,1158,15
2298,1158,12
2299,1158,11
2300,1159,0
2301,1159,0
2302,1159,15
2303,1159,11
2304,1161,11
2305,1162,3
2306,1162,14
2307,1162,14
2308,1163,16
2309,1163,9
2310,1163,4
2311,1163,7
2312,1164,16
2313,1164,0
2314,1164,11
2315,1166,5
2316,1166,1
2317,1166,6
2318,1167,8
2319,1167,10
2320,1167,14
2321,1167,7
2322,1168,10
2323,1168,10
2324,1168,12
2325,1168,6
2326,1169,14
2327,1169,4
2328,1169,5
2329,1171,2
2330,1171,2
2331,1171,8
2332,1172,16
2333,1172,6
2334,1172,2
2335,1172,7
2336,1173,6
2337,1173,12
2338,1173,8
2339,1174,1
2340,1174,11
2341,1176,16
2342,1177,2
2343,1177,8
2344,1177,14
2345,1178,15
2346,1178,15
2347,1178,13
2348,1178,0
2349,1179,3
2350,1181,15
2351,1181,3
2352,1181,3
2353,1182,9
2354,1182,13
2355,1182,12
2356,1183,3
2357,1184,1
2358,1184,6
2359,1186,5
2360,1186,9
2361,1186,3
2362,1186,12
2363,1187,6
2364,1187,11
2365,1187,0
2366,1188,8
2367,1189,13
2368,1189,8
2369,1191,11
2370,1192,15
2371,1192,0
2372,1192,13
2373,1192,16
2374,1193,3
2375,1193,15
2376,1193,6
2377,1193,3
2378,1194,15
2379,1194,15
2380,1194,12
2381,1194,14
2382,1196,0
2383,1197,11
2384,1198,4
2385,1198,5
2386,1198,12
2387,1199,8
2388,1201,9
2389,1201,11
2390,1202,15
2391,1202,15
2392,1202,3
2393,1202,11
2394,1203,9
2395,1204,1
2396,1204,5
2397,1204,6
2398,1206,3
2399,1206,11
2400,1206,5
2401,1206,7
2402,1207,13
2403,1207,3
2404,1207,8
2405,1207,12
2406,1208,14
2407,1208,15
2408,1208,6
2409,1208,3
2410,1209,12
2411,1209,12
2412,1209,13
2413,1209,8
2414,1211,5
2415,1212,15
2416,1212,11
2417,1213,13
2418,1214,8
2419,1214,13
2420,1214,7
2421,1216,3
2422,1216,1
2423,1216,3
2424,1216,15
2425,1217,13
2426,1218,2
2427,1218,11
2428,1218,3
2429,1218,6
2430,1219,11
2431,1221,12
2432,1221,5
2433,1222,6
2434,1222,7
2435,1222,14
2436,1223,7
2437,1223,10
2438,1223,4
2439,1223,7
2440,1224,15
2441,1224,6
2442,1226,6
2443,1226,1
2444,1226,16
2445,1227,13
2446,1228,16
2447,1229,10
2448,1229,14
2449,1229,7
2450,1229,12
2451,1231,2
2452,1231,8
2453,1231,14
2454,1232,7
2455,1233,4
2456,1233,16
2457,1233,5
2458,1233,2
2459,1234,5
2460,1234,12
2461,1234,11
2462,1236,3
2463,1236,10
2464,1236,7
2465,1236,8
2466,1237,6
2467,1238,13
2468,1238,1
2469,1239,12
2470,1241,10
2471,1242,9
2472,1242,5
2473,1242,11
2474,1243,9
2475,1243,4
2476,1243,3
2477,1243,8
2478,1244,8
2479,1244,14
2480,1244,3
2481,1246,6
2482,1247,9
2483,1248,5
2484,1248,7
2485,1248,2
2486,1249,14
2487,1249,9
2488,1249,9
2489,1249,5
2490,1251,13
2491,1251,14
2492,1252,5
2493,1252,0
2494,1252,5
2495,1253,11
2496,1253,13
2497,1254,15
2498,1254,6
2499,1254,6
2500,1256,7
2501,1257,2
2502,1257,13
2503,1257,11
2504,1258,9
2505,1258,7
2506,1258,8
2507,1258,1
2508,1259,2
2509,1261,7
2510,1261,11
2511,1261,4
2512,1261,3
2513,1262,11
2514,1263,16
2515,1263,7
2516,1263,2
2517,1264,9
2518,1266,14
2519,1267,8
2520,1267,8
2521,1267,6
2522,1267,2
2523,1268,3
2524,1269,5
2525,1269,10
2526,1269,11
2527,1271,15
2528,1271,15
2529,1271,11
2530,1272,6
2531,1272,7
2532,1272,10
2533,1273,9
2534,1274,2
2535,1274,4
2536,1274,4
2537,1274,7
2538,1276,15
2539,1276,2
2540,1276,14
2541,1277,13
2542,1278,7
2543,1279,3
2544,1279,8
2545,1281,0
2546,1281,3
2547,1281,3
2548,1282,2
2549,1282,1
2550,1282,10
2551,1282,10
2552,1283,2
2553,1283,15
2554,1284,7
2555,1286,8
2556,1286,3
2557,1286,6
2558,1287,15
2559,1288,16
2560,1289,1
2561,1291,16
2562,1291,10
2563,1292,9
2564,1292,9
2565,1292,15
2566,1293,3
2567,1293,3
2568,1293,5
2569,1293,10
2570,1294,13
2571,1294,10
2572,1296,15
2573,1297,8
2574,1297,16
2575,1298,1
2576,1298,3
2577,1298,8
2578,1298,12
2579,1299,1
2580,1299,9
2581,1299,11
2582,1301,5
2583,1302,10
2584,1302,10
2585,1302,1
2586,1303,9
2587,1304,11
2588,1306,1
2589,1306,3
2590,1306,11
2591,1307,15
2592,1307,5
2593,1307,3
2594,1307,2
2595,1308,2
2596,1308,0
2597,1308,6
2598,1309,15
2599,1309,9
2600,1309,7
2601,1311,5
2602,1311,2
2603,1311,4
2604,1312,10
2605,1312,4
2606,1312,1
2607,1313,0
2608,1313,15
2609,1313,5
2610,1314,5
2611,1314,12
2612,1314,9
2613,1316,6
2614,1316,8
2615,1317,1
2616,1317,14
2617,1317,8
2618,1317,9
2619,1318,16
2620,1319,11
2621,1319,6
2622,1321,5
2623,1322,5
2624,1322,16
2625,1322,10
2626,1323,3
2627,1323,14
2628,1323,10
2629,1323,2
2630,1324,2
2631,1324,15
2632,1324,15
2633,1326,10
2634,1326,14
2635,1327,13
2636,1327,16
2637,1327,14
2638,1328,3
2639,1328,10
2640,1328,5
2641,1328,8
2642,1329,4
2643,1329,6
2644,1329,15
2645,1331,11
2646,1331,2
2647,1331,9
2648,1332,10
2649,1332,8
2650,1333,7
2651,1334,2
2652,1334,5
2653,1336,16
2654,1336,16
2655,1337,12
2656,1337,6
2657,1338,3
2658,1338,5
2659,1339,15
2660,1341,10
2661,1341,10
2662,1341,5
2663,1342,16
2664,1343,5
2665,1343,16
2666,1343,16
2667,1344,10
2668,1346,6
2669,1346,3
2670,1347,7
2671,1348,12
2672,1348,14
2673,1348,14
2674,1348,1
2675,1349,5
2676,1349,4
2677,1349,10
2678,1351,4
2679,1351,9
2680,1351,8
2681,1351,0
2682,1352,7
2683,1352,11
2684,1352,2
2685,1353,8
2686,1353,2
2687,1354,8
2688,1354,16
2689,1354,6
2690,1356,6
2691,1357,3
2692,1357,1
2693,1357,7
2694,1357,0
2695,1358,7
2696,1358,14
2697,1358,2
2698,1359,3
2699,1361,1
2700,1361,1
2701,1362,13
2702,1362,15
2703,1362,14
2704,1363,5
2705,1363,16
2706,1363,13
2707,1364,12
2708,1364,3
2709,1364,2
2710,1366,5
2711,1366,14
2712,1366,7
2713,1367,15
2714,1367,10
2715,1367,3
2716,1367,2
2717,1368,16
2718,1368,0
2719,1368,16
2720,1368,12
2721,1369,12
2722,1369,14
2723,1369,15
2724,1369,0
2725,1371,15
2726,1371,7
2727,1371,6
2728,1372,8
2729,1372,5
2730,1372,15
2731,1372,11
2732,1373,12
2733,1373,15
2734,1373,2
2735,1374,1
2736,1376,11
2737,1377,1
2738,1377,1
2739,1377,13
2740,1377,6
2741,1378,7
2742,1378,4
2743,1379,2
2744,1379,16
2745,1379,5
2746,1379,16
2747,1381,7
2748,1381,11
2749,1382,16
2750,1383,12
2751,1384,3
2752,1386,5
2753,1387,4
2754,1387,3
2755,1388,15
2756,1388,6
2757,1388,15
2758,1389,9
2759,1389,4
2760,1389,16
2761,1391,8
2762,1391,6
2763,1391,14
2764,1392,16
2765,1392,8
2766,1392,5
2767,1392,7
2768,1393,3
2769,1393,14
2770,1394,10
2771,1394,10
2772,1396,6
2773,1397,2
2774,1398,8
2775,1398,0
2776,1399,13
2777,1399,2
2778,1399,1
2779,1401,14
2780,1402,12
2781,1402,13
2782,1402,12
2783,1402,7
2784,1403,14
2785,1403,11
2786,1403,6
2787,1403,7
2788,1404,8
2789,1404,12
2790,1406,2
2791,1407,1
2792,1407,10
2793,1407,5
2794,1408,0
2795,1408,16
2796,1409,6
2797,1409,5
2798,1409,14
2799,1411,5
2800,1411,6
2801,1411,1
2802,1412,10
2803,1413,3
2804,1414,8
2805,1414,0
2806,1414,2
2807,1416,16
2808,1416,10
2809,1416,5
2810,1416,14
2811,1417,9
2812,1417,5
2813,1417,16
2814,1417,15
2815,1418,16
2816,1418,2
2817,1419,11
2818,1421,16
2819,1422,8
2820,1422,8
2821,1423,5
2822,1423,11
2823,1423,13
2824,1423,3
2825,1424,11
2826,1424,7
2827,1424,6
2828,1426,6
2829,1426,3
2830,1426,15
2831,1427,0
2832,1427,0
2833,1427,14
2834,1427,10
2835,1428,3
2836,1428,4
2837,1428,5
2838,1429,16
2839,1429,3
2840,1429,16
2841,1431,8
2842,1432,10
2843,1432,15
2844,1432,0
2845,1433,12
2846,1433,14
2847,1434,4
2848,1434,4
2849,1434,15
2850,1436,13
2851,1436,4
2852,1436,6
2853,1437,9
2854,1437,15
2855,1437,6
2856,1438,13
2857,1438,11
2858,1439,7
2859,1439,13
2860,1441,4
2861,1441,9
2862,1441,16
2863,1442,2
2864,1443,1
2865,1443,4
2866,1443,14
2867,1443,11
2868,1444,1
2869,1444,10
2870,1444,13
2871,1446,7
2872,1446,16
2873,1447,13
2874,1447,4
2875,1448,13
2876,1448,2
2877,1448,3
2878,1449,16
2879,1451,4
2880,1451,2
2881,1451,14
2882,1452,5
2883,1452,6
2884,1452,16
2885,1453,7
2886,1453,7
2887,1453,0
2888,1453,6
2889,1454,15
2890,1454,5
2891,1454,9
2892,1454,0
2893,1456,9
2894,1456,1
2895,1456,8
2896,1456,16
2897,1457,9
2898,1457,1
2899,1457,2
2900,1458,4
2901,1458,10
2902,1458,13
2903,1458,5
2904,1459,13
2905,1459,8
2906,1459,10
2907,1459,15
2908,1461,0
2909,1461,0
2910,1461,16
2911,1461,13
2912,1462,12
2913,1462,12
2914,1463,4
2915,1463,4
2916,1464,5
2917,1464,5
2918,1466,13
2919,1466,5
2920,1467,0
2921,1467,1
2922,1467,16
2923,1467,0
2924,1468,2
2925,1469,2
2926,1469,1
2927,1469,9
2928,1469,5
2929,1471,16
2930,1472,9
2931,1472,5
2932,1472,7
2933,1472,5
2934,1473,6
2935,1474,11
2936,1476,1
2937,1476,1
2938,1476,8
2939,1477,7
2940,1477,8
2941,1478,2
2942,1479,0
2943,1479,11
2944,1479,1
2945,1481,14
2946,1482,6
2947,1483,9
2948,1483,6
2949,1483,14
2950,1483,9
2951,1484,16
2952,1484,16
2953,1486,8
2954,1486,15
2955,1487,9
2956,1487,5
2957,1488,3
2958,1488,10
2959,1488,13
2960,1488,14
2961,1489,14
2962,1489,4
2963,1489,1
2964,1489,5
2965,1491,3
2966,1492,7
2967,1492,13
2968,1492,10
2969,1492,0
2970,1493,4
2971,1494,1
2972,1494,9
2973,1494,16
2974,1496,0
2975,1496,6
2976,1496,8
2977,1497,7
2978,1498,2
2979,1499,7
2980,1501,11
2981,1502,14
2982,1502,9
2983,1502,4
2984,1502,7
2985,1503,8
2986,1503,9
2987,1503,4
2988,1503,0
2989,1504,13
2990,1506,13
2991,1507,13
2992,1507,7
2993,1507,0
2994,1507,13
2995,1508,0
2996,1508,11
2997,1509,9
2998,1511,7
2999,1512,14
3000,1512,9
3001,1512,8
3002,1512,15
3003,1513,3
3004,1513,5
3005,1513,7
3006,1514,8
3007,1516,3
3008,1516,7
3009,1516,2
3010,1516,15
3011,1517,7
3012,1517,15
3013,1518,6
3014,1519,0
3015,1519,2
3016,1521,0
3017,1521,16
3018,1522,0
3019,1522,9
3020,1522,4
3021,1523,7
3022,1523,9
3023,1523,8
3024,1523,1
3025,1524,12
3026,1524,3
3027,1524,1
3028,1524,13
3029,1526,7
3030,1526,13
3031,1526,8
3032,1526,11
3033,1527,9
3034,1528,6
3035,1528,12
3036,1529,15
3037,1531,0
3038,1531,7
3039,1531,8
3040,1531,10
3041,1532,2
3042,1532,3
3043,1533,9
3044,1533,9
3045,1534,14
3046,1534,13
3047,1534,10
3048,1536,15
3049,1536,11
3050,1537,0
3051,1538,7
3052,1539,1
3053,1539,14
3054,1539,8
3055,1541,5
3056,1541,13
3057,1541,15
3058,1541,9
3059,1542,7
3060,1542,10
3061,1542,5
3062,1542,9
3063,1543,2
3064,1543,1
3065,1544,10
3066,1544,11
3067,1546,6
3068,1546,12
3069,1547,2
3070,1547,10
3071,1547,8
3072,1547,1
3073,1548,7
3074,1548,11
3075,1549,16
3076,1549,1
3077,1549,6
3078,1549,9
3079,1551,6
3080,1551,3
3081,1552,11
3082,1552,7
3083,1552,11
3084,1553,14
3085,1553,7
3086,1553,14
3087,1554,10
3088,1554,13
3089,1554,0
3090,1554,8
3091,1556,8
3092,1556,9
3093,1556,9
3094,1556,2
3095,1557,12
3096,1558,8
3097,1558,16
3098,1558,7
3099,1559,3
3100,1559,3
3101,1559,9
3102,1559,9
3103,1561,2
3104,1561,11
3105,1562,9
3106,1562,12
3107,1563,12
3108,1563,16
3109,1564,15
3110,1566,15
3111,1567,4
3112,1568,8
3113,1568,7
3114,1568,2
3115,1569,14
3116,1571,0
3117,1572,3
3118,1573,9
3119,1573,11
3120,1574,16
3121,1574,12
3122,1576,2
3123,1576,0
3124,1576,4
3125,1577,6
3126,1578,16
3127,1578,0
3128,1578,4
3129,1579,8
3130,1579,10
3131,1579,11
3132,1579,11
3133,1581,7
3134,1581,2
3135,1581,10
3136,1582,3
3137,1583,8
3138,1583,16
3139,1584,4
3140,1584,2
3141,1584,8
3142,1584,15
3143,1586,5
3144,1587,3
3145,1587,0
3146,1588,13
3147,1588,14
3148,1589,7
3149,1589,15
3150,1591,9
3151,1591,15
3152,1591,6
3153,1592,11
3154,1592,4
3155,1592,6
3156,1593,1
3157,1593,9
3158,1593,10
3159,1593,13
3160,1594,15
3161,1594,16
3162,1596,10
3163,1596,3
3164,1596,14
3165,1596,1
3166,1597,7
3167,1597,15
3168,1598,3
3169,1599,9
3170,1599,1
3171,1601,7
3172,1601,6
3173,1601,10
3174,1601,15
3175,1602,8
3176,1602,7
3177,1603,9
3178,1603,4
3179,1604,16
3180,1606,14
3181,1606,9
3182,1606,8
3183,1607,3
3184,1607,13
3185,1607,12
3186,1608,5
3187,1608,6
3188,1608,12
3189,1609,12
3190,1609,8
3191,1609,13
3192,1609,13
3193,1611,5
3194,1612,5
3195,1613,10
3196,1613,13
3197,1613,0
3198,1614,5
3199,1614,14
3200,1614,7
3201,1614,14
3202,1616,13
3203,1616,11
3204,1616,3
3205,1617,14
3206,1617,11
3207,1618,16
3208,1618,12
3209,1618,10
3210,1619,14
3211,1619,4
3212,1619,5
3213,1619,3
3214,1621,11
3215,1621,9
3216,1621,3
3217,1622,0
3218,1622,13
3219,1622,15
3220,1623,3
3221,1623,7
3222,1623,14
3223,1624,11
3224,1624,15
3225,1624,10
3226,1626,11
3227,1626,11
3228,1626,11
3229,1626,12
3230,1627,0
3231,1627,15
3232,1628,6
3233,1628,6
3234,1628,15
3235,1629,13
3236,1629,10
3237,1631,12
3238,1631,8
3239,1632,6
3240,1632,11
3241,1632,4
3242,1632,7
3243,1633,0
3244,1633,12
3245,1634,14
3246,1634,11
3247,1636,3
3248,1636,16
3249,1637,3
3250,1638,15
3251,1638,9
3252,1638,9
3253,1639,12
3254,1639,0
3255,1639,1
3256,1639,6
3257,1641,9
3258,1641,10
3259,1641,16
3260,1641,4
3261,1642,15
3262,1642,1
3263,1642,2
3264,1642,11
3265,1643,7
3266,1644,14
3267,1644,0
3268,1646,8
3269,1646,8
3270,1647,6
3271,1647,5
3272,1647,5
3273,1647,1
3274,1648,8
3275,1648,2
3276,1648,13
3277,1648,4
3278,1649,1
3279,1651,2
3280,1652,14
3281,1652,8
3282,1653,14
3283,1654,4
3284,1654,11
3285,1654,8
3286,1654,4
3287,1656,14
3288,1656,16
3289,1656,4
3290,1657,2
3291,1657,0
3292,1657,3
3293,1657,12
3294,1658,12
3295,1658,0
3296,1659,6
3297,1659,1
3298,1661,1
3299,1661,1
3300,1661,12
3301,1661,7
3302,1662,1
3303,1662,9
3304,1662,14
3305,1663,12
3306,1664,10
3307,1664,6
3308,1666,14
3309,1666,1
3310,1667,11
3311,1667,13
3312,1667,6
3313,1668,3
3314,1669,5
3315,1669,4
3316,1671,13
3317,1671,0
3318,1671,10
3319,1671,0
3320,1672,9
3321,1673,8
3322,1674,14
3323,1674,2
3324,1676,9
3325,1676,2
3326,1676,16
3327,1677,2
3328,1677,13
3329,1677,4
3330,1677,12
3331,1678,9
3332,1678,6
3333,1679,8
3334,1679,13
3335,1679,14
3336,1681,16
3337,1681,11
3338,1681,13
3339,1681,6
3340,1682,8
3341,1682,15
3342,1682,0
3343,1683,9
3344,1683,10
3345,1683,9
3346,1684,13
3347,1684,3
3348,1684,9
3349,1684,8
3350,1686,7
3351,1686,0
3352,1686,5
3353,1686,6
3354,1687,16
3355,1687,11
3356,1688,3
3357,1688,9
3358,1689,14
3359,1691,2
3360,1691,5
3361,1692,15
3362,1693,4
3363,1693,6
3364,1693,4
3365,1694,5
3366,1696,14
3367,1696,1
3368,1697,5
3369,1697,0
3370,1698,16
3371,1698,9
3372,1699,1
3373,1701,9
3374,1701,13
3375,1701,2
3376,1702,9
3377,1703,5
3378,1704,9
3379,1704,4
3380,1706,5
3381,1706,0
3382,1707,12
3383,1707,2
3384,1707,13
3385,1707,12
3386,1708,9
3387,1708,2
3388,1708,3
3389,1708,15
3390,1709,11
3391,1709,9
3392,1709,16
3393,1711,1
3394,1711,2
3395,1711,11
3396,1711,4
3397,1712,11
3398,1712,10
3399,1712,6
3400,1712,14
3401,1713,8
3402,1713,13
3403,1713,3
3404,1714,2
3405,1714,1
3406,1714,14
3407,1714,8
3408,1716,10
3409,1716,8
3410,1716,5
3411,1716,14
3412,1717,3
3413,1717,12
3414,1717,4
3415,1717,10
3416,1718,5
3417,1718,1
3418,1718,9
3419,1719,3
3420,1719,1
3421,1721,15
3422,1721,12
3423,1722,12
3424,1722,8
3425,1722,1
3426,1722,8
3427,1723,3
3428,1723,8
3429,1724,3
3430,1726,8
3431,1727,14
3432,1727,0
3433,1727,11
3434,1728,16
3435,1728,7
3436,1729,6
3437,1729,4
3438,1731,8
3439,1732,6
3440,1733,0
3441,1733,8
3442,1734,15
3443,1734,3
3444,1736,7
3445,1736,12
3446,1736,2
3447,1736,1
3448,1737,13
3449,1738,16
3450,1739,4
3451,1739,13
3452,1741,16
3453,1741,12
3454,1741,13
3455,1741,12
3456,1742,6
3457,1743,12
3458,1744,7
3459,1744,1
3460,1744,13
3461,1744,4
3462,1746,6
3463,1746,1
3464,1747,2
3465,1747,2
3466,1747,14
3467,1747,11
3468,1748,16
3469,1748,14
3470,1749,12
3471,1749,10
3472,1749,9
3473,1749,15
3474,1751,13
3475,1751,6
3476,1751,13
3477,1752,15
3478,1753,13
3479,1753,10
3480,1753,3
3481,1753,16
3482,1754,4
3483,1754,5
3484,1754,16
3485,1756,12
3486,1757,11
3487,1757,6
3488,1757,13
3489,1757,4
3490,1758,4
3491,1759,2
3492,1759,14
3493,1761,2
3494,1762,11
3495,1762,15
3496,1763,6
3497,1763,5
3498,1763,14
3499,1763,4
3500,1764,7
3501,1764,15
3502,1764,5
3503,1764,14
3504,1766,6
3505,1766,16
3506,1767,2
3507,1768,6
3508,1768,5
3509,1768,4
3510,1768,4
3511,1769,10
3512,1769,16
3513,1769,13
3514,1771,10
3515,1771,7
3516,1771,14
3517,1771,10
3518,1772,15
3519,1772,14
3520,1773,1
3521,1774,5
3522,1774,14
3523,1774,9
3524,1774,13
3525,1776,12
3526,1777,15
3527,1778,8
3528,1778,10
3529,1779,8
3530,1779,7
3531,1781,4
3532,1781,3
3533,1781,12
3534,1781,13
3535,1782,8
3536,1782,6
3537,1782,10
3538,1782,9
3539,1783,5
3540,1784,10
3541,1784,1
3542,1784,16
3543,1784,1
3544,1786,1
3545,1787,5
3546,1788,1
3547,1789,4
3548,1789,1
3549,1791,0
3550,1791,4
3551,1791,3
3552,1791,16
3553,1792,6
3554,1792,3
3555,1792,9
3556,1792,3
3557,1793,10
3558,1793,13
3559,1794,11
3560,1796,12
3561,1796,9
3562,1796,2
3563,1797,12
3564,1797,6
3565,1797,9
3566,1797,10
3567,1798,6
3568,1798,13
3569,1798,7
3570,1798,6
3571,1799,6
3572,1799,12
3573,1801,16
3574,1801,3
3575,1802,10
3576,1802,1
3577,1802,3
3578,1802,6
3579,1803,4
3580,1803,5
3581,1804,15
3582,1806,2
3583,1806,9
3584,1806,15
3585,1806,8
3586,1807,14
3587,1807,14
3588,1807,2
3589,1807,10
3590,1808,3
3591,1808,14
3592,1809,5
3593,1809,5
3594,1809,4
3595,1811,11
3596,1811,13
3597,1811,9
3598,1812,13
3599,1813,0
3600,1814,2
3601,1816,10
3602,1816,16
3603,1816,11
3604,1817,3
3605,1818,16
3606,1819,0
3607,1819,3
3608,1821,10
3609,1821,1
3610,1821,5
3611,1821,0
3612,1822,4
3613,1823,8
3614,1823,3
3615,1823,1
3616,1823,12
3617,1824,15
3618,1824,5
3619,1826,1
3620,1826,10
3621,1826,6
3622,1827,7
3623,1827,2
3624,1827,6
3625,1827,7
3626,1828,9
3627,1828,6
3628,1829,6
3629,1829,0
3630,1829,13
3631,1829,15
3632,1831,6
3633,1831,2
3634,1832,12
3635,1832,4
3636,1832,10
3637,1832,0
3638,1833,10
3639,1833,5
3640,1833,5
3641,1833,15
3642,1834,10
3643,1834,13
3644,1834,6
3645,1836,8
3646,1836,15
3647,1837,9
3648,1837,5
3649,1837,5
3650,1837,11
3651,1838,9
3652,1838,6
3653,1838,5
3654,1838,16
3655,1839,9
3656,1839,3
3657,1841,4
3658,1841,13
3659,1841,2
3660,1841,6
3661,1842,5
3662,1843,4
3663,1844,5
3664,1844,8
3665,1846,7
3666,1846,6
3667,1846,15
3668,1846,11
3669,1847,16
3670,1848,0
3671,1848,15
3672,1848,3
3673,1848,12
3674,1849,2
3675,1849,13
3676,1849,1
3677,1849,3
3678,1851,16
3679,1852,10
3680,1852,10
3681,1852,1
3682,1852,7
3683,1853,11
3684,1853,10
3685,1853,3
3686,1853,9
3687,1854,9
3688,1856,16
3689,1856,10
3690,1857,6
3691,1858,12
3692,1858,7
3693,1858,7
3694,1859,5
3695,1859,16
3696,1861,5
3697,1861,2
3698,1861,12
3699,1861,7
3700,1862,9
3701,1863,15
3702,1864,10
3703,1864,16
3704,1864,13
3705,1864,11
3706,1866,14
3707,1866,3
3708,1866,11
3709,1867,0
3710,1867,7
3711,1868,5
3712,1869,0
3713,1869,3
3714,1869,8
3715,1869,2
3716,1871,10
3717,1871,10
3718,1872,0
3719,1872,10
3720,1873,12
3721,1874,0
3722,1876,2
3723,1876,10
3724,1877,16
3725,1877,1
3726,1877,3
3727,1878,12
3728,1878,2
3729,1879,11
3730,1879,4
3731,1879,16
3732,1881,11
3733,1882,11
3734,1882,12
3735,1883,14
3736,1884,9
3737,1884,14
3738,1884,15
3739,1886,2
3740,1886,4
3741,1886,14
3742,1886,1
3743,1887,6
3744,1887,8
3745,1888,12
3746,1888,7
3747,1888,10
3748,1888,10
3749,1889,14
3750,1889,11
3751,1889,11
3752,1889,9
3753,1891,13
3754,1891,1
3755,1891,3
3756,1892,2
3757,1892,8
3758,1893,5
3759,1893,2
3760,1893,8
3761,1893,9
3762,1894,11
3763,1896,11
3764,1897,1
3765,1897,13
3766,1898,4
3767,1898,6
3768,1898,5
3769,1899,2
3770,1901,0
3771,1902,9
3772,1903,15
3773,1903,5
3774,1903,9
3775,1903,5
3776,1904,12
3777,1906,14
3778,1907,8
3779,1907,3
3780,1908,8
3781,1909,11
3782,1909,6
3783,1911,0
3784,1911,10
3785,1911,12
3786,1912,5
3787,1912,4
3788,1912,14
3789,1912,2
3790,1913,1
3791,1913,4
3792,1914,13
3793,1916,10
3794,1917,10
3795,1918,8
3796,1918,16
3797,1918,15
3798,1919,10
3799,1921,6
3800,1921,0
3801,1922,10
3802,1922,5
3803,1922,14
3804,1923,9
3805,1924,9
3806,1924,3
3807,1926,9
3808,1926,4
3809,1926,8
3810,1927,12
3811,1927,3
3812,1927,10
3813,1927,10
3814,1928,15
3815,1929,2
3816,1929,15
3817,1931,1
3818,1932,10
3819,1933,11
3820,1934,14
3821,1934,9
3822,1934,1
3823,1934,5
3824,1936,11
3825,1936,5
3826,1937,2
3827,1937,5
3828,1937,0
3829,1938,5
3830,1938,8
3831,1938,13
3832,1938,13
3833,1939,0
3834,1939,9
3835,1939,10
3836,1939,5
3837,1941,0
3838,1941,15
3839,1941,13
3840,1941,13
3841,1942,2
3842,1943,1
3843,1943,12
3844,1943,3
3845,1943,11
3846,1944,1
3847,1946,7
3848,1946,2
3849,1946,12
3850,1947,8
3851,1947,10
3852,1947,1
3853,1947,16
3854,1948,3
3855,1949,5
3856,1949,9
3857,1949,16
3858,1949,0
3859,1951,7
3860,1951,10
3861,1951,5
3862,1951,1
3863,1952,7
3864,1953,16
3865,1954,8
3866,1956,7
3867,1956,11
3868,1956,16
3869,1956,3
3870,1957,16
3871,1957,14
3872,1957,10
3873,1958,14
3874,1958,5
3875,1958,5
3876,1959,15
3877,1961,12
3878,1961,14
3879,1961,7
3880,1961,15
3881,1962,15
3882,1962,1
3883,1962,4
3884,1962,0
3885,1963,4
3886,1963,6
3887,1963,8
3888,1963,1
3889,1964,5
3890,1964,7
3891,1964,0
3892,1964,4
3893,1966,8
3894,1966,16
3895,1966,8
3896,1966,5
3897,1967,13
3898,1967,12
3899,1967,8
3900,1967,15
3901,1968,2
3902,1968,6
3903,1968,16
3904,1968,9
3905,1969,15
3906,1969,3
3907,1971,12
3908,1971,8
3909,1972,9
3910,1972,1
3911,1973,13
3912,1974,10
3913,1974,7
3914,1974,12
3915,1976,7
3916,1976,13
3917,1976,6
3918,1976,3
3919,1977,3
3920,1977,8
3921,1978,4
3922,1978,11
3923,1978,9
3924,1979,0
3925,1979,13
3926,1979,2
3927,1979,3
3928,1981,0
3929,1981,0
3930,1982,16
3931,1982,12
3932,1983,12
3933,1983,11
3934,1983,14
3935,1984,15
3936,1984,11
3937,1986,12
3938,1986,3
3939,1986,10
3940,1986,8
3941,1987,10
3942,1987,0
3943,1988,0
3944,1988,5
3945,1989,16
3946,1991,8
3947,1991,2
3948,1992,12
3949,1992,3
3950,1992,9
3951,1992,11
3952,1993,7
3953,1994,2
3954,1994,2
3955,1996,6
3956,1996,3
3957,1997,3
3958,1997,0
3959,1997,8
3960,1997,8
3961,1998,13
3962,1998,15
3963,1998,0
3964,1998,1
3965,1999,0
3966,2001,2
3967,2001,7
3968,2001,5
3969,2002,0
3970,2002,5
3971,2002,12
3972,2003,0
3973,2003,1
3974,2004,7
3975,2006,16
3976,2006,10
3977,2007,0
3978,2007,10
3979,2007,15
3980,2007,8
3981,2008,0
3982,2008,10
3983,2008,12
3984,2009,7
3985,2009,14
3986,2009,5
3987,2009,8
3988,2011,2
3989,2011,11
3990,2012,9
3991,2012,11
3992,2013,16
3993,2013,16
3994,2014,12
3995,2014,7
3996,2016,1
3997,2016,9
3998,2016,6
3999,2016,7
4000,2017,1
4001,2017,15
4002,2017,2
4003,2017,13
4004,2018,2
4005,2018,1
4006,2018,4
4007,2019,7
4008,2019,0
4009,2021,7
4010,2022,11
4011,2022,2
4012,2022,13
4013,2022,16
4014,2023,15
4015,2023,13
4016,2024,4
4017,2024,4
4018,2024,7
4019,2026,14
4020,2026,11
4021,2026,2
4022,2027,3
4023,2027,16
4024,2028,11
4025,2028,5
4026,2028,5
4027,2029,1
4028,2031,13
4029,2031,14
4030,2031,12
4031,2032,5
4032,2032,16
4033,2032,1
4034,2033,3
4035,2033,4
4036,2033,1
4037,2034,14
4038,2034,10
4039,2034,5
4040,2036,14
4041,2036,2
4042,2036,11
4043,2037,9
4044,2038,11
4045,2039,9
4046,2039,10
4047,2039,9
4048,2041,0
4049,2041,13
4050,2042,0
4051,2043,4
4052,2043,5
4053,2043,9
4054,2043,5
4055,2044,14
4056,2044,12
4057,2044,10
4058,2044,9
4059,2046,15
4060,2046,8
4061,2047,1
4062,2047,12
4063,2047,6
4064,2047,9
4065,2048,9
4066,2048,1
4067,2049,16
4068,2051,11
4069,2052,11
4070,2052,8
4071,2053,1
4072,2054,3
4073,2054,16
4074,2054,0
4075,2056,16
4076,2056,1
4077,2056,7
4078,2056,9
4079,2057,11
4080,2057,13
4081,2057,9
4082,2058,14
4083,2058,16
4084,2058,3
4085,2058,16
4086,2059,13
4087,2059,7
4088,2059,12
4089,2059,10
4090,2061,11
4091,2061,5
4092,2061,1
4093,2061,0
4094,2062,10
4095,2062,13
4096,2062,12
4097,2063,3
4098,2063,0
4099,2063,1
4100,2064,7
4101,2064,14
4102,2064,6
4103,2066,13
4104,2067,16
4105,2068,2
4106,2068,9
4107,2068,10
4108,2069,14
4109,2069,8
4110,2069,11
4111,2071,1
4112,2071,10
4113,2071,15
4114,2072,8
4115,2072,12
4116,2072,7
4117,2072,9
4118,2073,14
4119,2074,4
4120,2074,15
4121,2074,4
4122,2074,15
4123,2076,11
4124,2076,7
4125,2076,4
4126,2076,10
4127,2077,9
4128,2077,4
4129,2078,8
4130,2078,11
4131,2078,8
4132,2078,13
4133,2079,14
4134,2081,3
4135,2081,14
4136,2082,7
4137,2083,14
4138,2084,4
4139,2084,12
4140,2086,13
4141,2086,1
4142,2087,13
4143,2088,16
4144,2088,1
4145,2088,4
4146,2088,3
4147,2089,8
4148,2089,6
4149,2089,16
4150,2091,12
4151,2091,8
4152,2091,12
4153,2091,8
4154,2092,0
4155,2092,8
4156,2092,15
4157,2093,2
4158,2094,7
4159,2094,0
4160,2096,8
4161,2097,3
4162,2098,3
4163,2098,3
4164,2099,16
4165,2099,13
4166,2099,7
4167,2099,11
4168,2101,16
4169,2101,16
4170,2101,16
4171,2102,13
4172,2103,12
4173,2103,11
4174,2103,7
4175,2103,7
4176,2104,0
4177,2104,6
4178,2104,13
4179,2106,3
4180,2106,2
4181,2106,6
4182,2107,16
4183,2108,8
4184,2108,8
4185,2108,14
4186,2109,9
4187,2109,14
4188,2111,0
4189,2111,12
4190,2112,1
4191,2113,15
4192,2113,15
4193,2113,10
4194,2114,7
4195,2114,4
4196,2116,9
4197,2116,15
4198,2117,16
4199,2117,4
4200,2117,2
4201,2118,9
4202,2118,14
4203,2119,5
4204,2119,5
4205,2119,1
4206,2119,4
4207,2121,2
4208,2121,12
4209,2121,9
4210,2122,12
4211,2122,7
4212,2122,8
4213,2122,2
4214,2123,3
4215,2123,10
4216,2123,5
4217,2123,10
4218,2124,0
4219,2124,4
4220,2124,16
4221,2126,15
4222,2126,13
4223,2126,2
4224,2126,4
4225,2127,0
4226,2128,10
4227,2128,2
4228,2129,11
4229,2129,0
4230,2131,16
4231,2131,5
4232,2131,16
4233,2132,11
4234,2132,6
4235,2132,12
4236,2133,15
4237,2134,10
4238,2134,7
4239,2134,12
4240,2136,1
4241,2136,13
4242,2137,15
4243,2137,1
4244,2137,10
4245,2138,6
4246,2138,0
4247,2138,8
4248,2138,16
4249,2139,16
4250,2139,13
4251,2141,1
4252,2141,6
4253,2141,0
4254,2142,15
4255,2142,8
4256,2142,7
4257,2143,16
4258,2143,3
4259,2143,6
4260,2144,14
4261,2146,12
4262,2146,2
4263,2146,6
4264,2146,11
4265,2147,13
4266,2147,9
4267,2147,11
4268,2148,11
4269,2148,6
4270,2149,12
4271,2149,6
4272,2149,14
4273,2149,3
4274,2151,6
4275,2151,9
4276,2151,0
4277,2152,9
4278,2153,13
4279,2154,2
4280,2154,8
4281,2156,3
4282,2156,6
4283,2156,11
4284,2156,15
4285,2157,13
4286,2158,14
4287,2159,11
4288,2159,9
4289,2161,3
4290,2161,3
4291,2162,15
4292,2162,15
4293,2162,4
4294,2162,14
4295,2163,6
4296,2163,16
4297,2163,9
4298,2164,14
4299,2164,1
4300,2166,2
4301,2167,10
4302,2167,14
4303,2168,12
4304,2168,4
4305,2168,11
4306,2168,5
4307,2169,16
4308,2171,16
4309,2171,16
4310,2171,2
4311,2171,14
4312,2172,13
4313,2172,3
4314,2172,12
4315,2172,3
4316,2173,7
4317,2173,3
4318,2173,5
4319,2174,6
4320,2174,9
4321,2176,9
4322,2177,10
4323,2177,13
4324,2177,1
4325,2177,1
4326,2178,12
4327,2179,0
4328,2179,6
4329,2179,0
4330,2179,11
4331,2181,8
4332,2181,2
4333,2181,12
4334,2182,4
4335,2182,5
4336,2182,15
4337,2183,1
4338,2183,9
4339,2183,11
4340,2184,7
4341,2184,7
4342,2184,5
4343,2184,9
4344,2186,6
4345,2186,0
4346,2187,10
4347,2187,12
4348,2188,4
4349,2189,0
4350,2189,2
4351,2189,9
4352,2189,13
4353,2191,8
4354,2192,16
4355,2193,10
4356,2193,4
4357,2194,9
4358,2194,9
4359,2194,11
4360,2194,15
4361,2196,14
4362,2196,8
4363,2197,4
4364,2197,2
4365,2197,12
4366,2197,4
4367,2198,6
4368,2198,11
4369,2198,11
4370,2198,6
4371,2199,9
4372,2199,5
4373,2199,16
4374,2201,4
4375,2202,3
4376,2202,14
4377,2203,11
4378,2204,14
4379,2204,2
4380,2204,2
4381,2206,1
4382,2206,4
4383,2206,12
4384,2207,13
4385,2207,1
4386,2208,12
4387,2208,6
4388,2208,3
4389,2208,8
4390,2209,0
4391,2209,8
4392,2211,7
4393,2212,1
4394,2213,10
4395,2213,7
4396,2214,16
4397,2214,14
4398,2216,4
4399,2217,11
4400,2217,13
4401,2217,9
4402,2217,10
4403,2218,10
4404,2218,2
4405,2218,12
4406,2219,9
4407,2219,16
4408,2219,4
4409,2221,8
4410,2221,9
4411,2222,11
4412,2223,0
4413,2224,13
4414,2224,1
4415,2226,16
4416,2226,10
4417,2227,9
4418,2228,11
4419,2228,6
4420,2228,4
4421,2229,10
4422,2229,13
4423,2231,3
4424,2231,14
4425,2231,15
4426,2232,15
4427,2233,3
4428,2233,15
4429,2234,1
4430,2236,1
4431,2236,2
4432,2237,10
4433,2237,6
4434,2237,2
4435,2237,12
4436,2238,1
4437,2238,3
4438,2238,16
4439,2239,4
4440,2239,15
4441,2239,9
4442,2239,12
4443,2241,2
4444,2242,15
4445,2242,14
4446,2242,7
4447,2242,11
4448,2243,8
4449,2243,14
4450,2243,13
4451,2244,15
4452,2244,16
4453,2244,9
4454,2246,7
4455,2246,0
4456,2246,8
4457,2246,2
4458,2247,9
4459,2248,10
4460,2248,4
4461,2249,3
4462,2249,2
4463,2249,0
4464,2249,0
4465,2251,10
4466,2252,11
4467,2252,2
4468,2252,2
4469,2253,14
4470,2253,12
4471,2254,2
4472,2254,12
4473,2256,5
4474,2256,11
4475,2256,3
4476,2256,16
4477,2257,16
4478,2257,9
4479,2258,14
4480,2258,10
4481,2259,13
4482,2261,8
4483,2261,3
4484,2262,13
4485,2263,5
4486,2264,15
4487,2264,0
4488,2264,0
4489,2264,15
4490,2266,16
4491,2266,14
4492,2267,2
4493,2267,12
4494,2268,1
4495,2268,1
4496,2268,16
4497,2269,5
4498,2269,1
4499,2269,13
4500,2271,14
4501,2272,0
4502,2273,7
4503,2273,13
4504,2273,13
4505,2274,13
4506,2274,8
4507,2276,5
4508,2276,15
4509,2276,10
4510,2277,12
4511,2277,2
4512,2277,1
4513,2278,5
4514,2278,16
4515,2278,3
4516,2279,15
4517,2279,16
4518,2279,0
4519,2279,5
4520,2281,5
4521,2282,12
4522,2283,2
4523,2283,1
4524,2283,16
4525,2284,10
4526,2284,11
4527,2286,3
4528,2287,2
4529,2288,14
4530,2289,5
4531,2289,1
4532,2289,3
4533,2291,8
4534,2291,15
4535,2291,8
4536,2291,10
4537,2292,13
4538,2292,0
4539,2292,8
4540,2293,5
4541,2294,7
4542,2296,0
4543,2296,16
4544,2296,15
4545,2297,12
4546,2297,12
4547,2298,4
4548,2298,10
4549,2298,2
4550,2299,11
4551,2299,15
4552,2299,3
4553,2299,5
4554,2301,4
4555,2301,13
4556,2301,4
4557,2302,2
4558,2303,16
4559,2303,2
4560,2304,6
4561,2304,1
4562,2304,8
4563,2304,6
4564,2306,16
4565,2306,5
4566,2306,1
4567,2306,16
4568,2307,8
4569,2307,12
4570,2307,3
4571,2307,7
4572,2308,8
4573,2308,16
4574,2308,10
4575,2308,4
4576,2309,1
4577,2311,10
4578,2311,10
4579,2311,13
4580,2312,5
4581,2313,4
4582,2314,12
4583,2316,7
4584,2316,12
4585,2316,3
4586,2317,3
4587,2318,2
4588,2318,0
4589,2319,14
4590,2319,12
4591,2319,13
4592,2321,7
4593,2321,8
4594,2322,1
4595,2322,5
4596,2322,4
4597,2322,6
4598,2323,5
4599,2323,1
4600,2323,6
4601,2324,7
4602,2324,6
4603,2324,16
4604,2324,0
4605,2326,14
4606,2326,12
4607,2326,0
4608,2326,2
4609,2327,8
4610,2327,14
4611,2328,4
4612,2328,9
4613,2328,12
4614,2328,0
4615,2329,1
4616,2329,8
4617,2329,8
4618,2329,15
4619,2331,16
4620,2331,5
4621,2332,13
4622,2332,2
4623,2332,1
4624,2332,2
4625,2333,16
4626,2334,3
4627,2334,11
4628,2336,12
4629,2337,0
4630,2338,15
4631,2338,9
4632,2339,15
4633,2339,1
4634,2339,15
4635,2339,14
4636,2341,4
4637,2341,10
4638,2341,2
4639,2341,4
4640,2342,4
4641,2342,0
4642,2343,8
4643,2343,16
4644,2344,0
4645,2344,5
4646,2344,12
4647,2344,14
4648,2346,12
4649,2346,7
4650,2347,7
4651,2347,3
4652,2347,0
4653,2347,9
4654,2348,7
4655,2349,4
4656,2349,16
4657,2351,2
4658,2351,3
4659,2351,10
4660,2351,2
4661,2352,6
4662,2352,9
4663,2352,0
4664,2353,7
4665,2353,9
4666,2353,1
4667,2353,7
4668,2354,16
4669,2354,8
4670,2356,14
4671,2356,6
4672,2357,3
4673,2357,4
4674,2357,7
4675,2357,10
4676,2358,12
4677,2358,3
4678,2359,1
4679,2359,6
4680,2361,4
4681,2361,9
4682,2361,15
4683,2361,14
4684,2362,7
4685,2363,3
4686,2363,11
4687,2363,4
4688,2364,3
4689,2364,10
4690,2364,3
4691,2366,2
4692,2366,10
4693,2366,1
4694,2366,9
4695,2367,7
4696,2368,15
4697,2368,7
4698,2369,14
4699,2371,2
4700,2372,15
4701,2372,14
4702,2373,10
4703,2374,10
4704,2376,1
4705,2376,4
4706,2376,7
4707,2376,5
4708,2377,1
4709,2377,13
4710,2377,9
4711,2378,15
4712,2378,13
4713,2378,5
4714,2379,7
4715,2379,5
4716,2379,12
4717,2381,2
4718,2381,15
4719,2382,4
4720,2383,2
4721,2383,15
4722,2383,15
4723,2383,6
4724,2384,8
4725,2384,12
4726,2384,13
4727,2386,0
4728,2386,4
4729,2386,7
4730,2387,2
4731,2388,16
4732,2388,13
4733,2388,1
4734,2388,6
4735,2389,16
4736,2391,7
4737,2391,3
4738,2391,2
4739,2392,7
4740,2392,9
4741,2392,3
4742,2392,9
4743,2393,1
4744,2393,5
4745,2394,2
4746,2394,11
4747,2394,12
4748,2394,1
4749,2396,1
4750,2396,4
4751,2396,2
4752,2397,15
4753,2397,2
4754,2398,8
4755,2399,6
4756,2401,8
4757,2402,4
4758,2402,8
4759,2402,9
4760,2402,4
4761,2403,12
4762,2404,14
4763,2404,15
4764,2404,16
4765,2406,8
4766,2406,12
4767,2406,14
4768,2406,15
4769,2407,2
4770,2407,2
4771,2408,11
4772,2408,12
4773,2409,10
4774,2409,0
4775,2409,16
4776,2411,7
4777,2411,16
4778,2411,13
4779,2412,13
4780,2413,2
4781,2414,9
4782,2414,11
4783,2414,10
4784,2416,10
4785,2416,5
4786,2416,0
4787,2416,9
4788,2417,12
4789,2417,9
4790,2417,0
4791,2417,10
4792,2418,15
4793,2418,5
4794,2418,12
4795,2419,5
4796,2419,2
4797,2419,9
4798,2419,9
4799,2421,16
4800,2421,1
4801,2421,1
4802,2422,15
4803,2422,9
4804,2423,2
4805,2423,12
4806,2424,5
4807,2424,9
4808,2424,4
4809,2426,11
4810,2426,8
4811,2426,7
4812,2426,6
4813,2427,16
4814,2427,8
4815,2428,11
4816,2428,2
4817,2428,5
4818,2429,15
4819,2429,9
4820,2429,10
4821,2431,6
4822,2431,2
4823,2431,9
4824,2432,10
4825,2432,10
4826,2432,12
4827,2433,10
4828,2433,4
4829,2433,14
4830,2433,9
4831,2434,7
4832,2436,0
4833,2436,6
4834,2436,0
4835,2437,11
4836,2437,14
4837,2437,7
4838,2437,0
4839,2438,11
4840,2438,8
4841,2438,12
4842,2438,10
4843,2439,9
4844,2441,12
4845,2441,15
4846,2441,15
4847,2442,13
4848,2443,12
4849,2443,0
4850,2443,1
4851,2443,9
4852,2444,2
4853,2444,3
4854,2446,2
4855,2446,13
4856,2446,0
4857,2446,15
4858,2447,5
4859,2447,1
4860,2447,7
4861,2447,11
4862,2448,14
4863,2449,16
4864,2449,13
4865,2449,0
4866,2449,8
4867,2451,2
4868,2451,0
4869,2451,6
4870,2452,1
4871,2452,12
4872,2453,4
4873,2453,1
4874,2453,13
4875,2454,8
4876,2454,10
4877,2454,1
4878,2454,12
4879,2456,15
4880,2456,9
4881,2457,12
4882,2458,12
4883,2458,12
4884,2458,8
4885,2458,9
4886,2459,4
4887,2459,6
4888,2459,14
4889,2461,16
4890,2461,9
4891,2461,10
4892,2462,6
4893,2462,15
4894,2462,3
4895,2462,6
4896,2463,15
4897,2463,7
4898,2463,9
4899,2463,15
4900,2464,2
4901,2464,10
4902,2464,13
4903,2466,4
4904,2466,5
4905,2466,15
4906,2466,10
4907,2467,13
4908,2468,11
4909,2468,12
4910,2468,7
4911,2468,10
4912,2469,0
4913,2469,16
4914,2469,6
4915,2471,3
4916,2471,13
4917,2472,3
4918,2472,1
4919,2473,15
4920,2473,0
4921,2473,11
4922,2473,16
4923,2474,15
4924,2474,10
4925,2474,9
4926,2474,1
4927,2476,14
4928,2477,1
4929,2477,13
4930,2477,9
4931,2477,0
4932,2478,4
4933,2478,1
4934,2478,13
4935,2478,5
4936,2479,6
4937,2479,16
4938,2479,9
4939,2479,13
4940,2481,4
4941,2482,14
4942,2482,16
4943,2483,9
4944,2483,11
4945,2483,8
4946,2484,5
4947,2486,15
4948,2487,10
4949,2487,0
4950,2488,16
4951,2489,9
4952,2491,3
4953,2492,9
4954,2492,16
4955,2492,16
4956,2493,12
4957,2494,9
4958,2496,6
4959,2497,14
4960,2497,2
4961,2497,6
4962,2498,0
4963,2498,5
4964,2498,4
4965,2498,0
4966,2499,9
4967,2499,13
4968,2499,4
4969,2499,12
4970,2501,4
4971,2501,0
4972,2501,11
4973,2501,4
4974,2502,4
4975,2503,2
4976,2504,16
4977,2504,10
4978,2504,10
4979,2506,14
4980,2506,5
4981,2506,6
4982,2506,1
4983,2507,12
4984,2507,9
4985,2507,9
4986,2507,9
4987,2508,14
4988,2508,11
4989,2509,14
4990,2511,6
4991,2512,3
4992,2512,12
4993,2513,15
4994,2513,3
4995,2514,0
4996,2514,1
4997,2516,5
4998,2517,12
4999,2518,13
5000,2518,0
5001,2518,4
5002,2518,11
5003,2519,16
5004,2519,13
5005,2521,9
5006,2522,2
5007,2522,2
5008,2523,15
5009,2523,15
5010,2523,11
5011,2524,9
5012,2524,1
5013,2524,11
5014,2524,12
5015,2526,8
5016,2526,7
5017,2527,9
5018,2527,14
5019,2527,6
5020,2527,7
5021,2528,7
5022,2528,4
5023,2528,9
5024,2528,7
5025,2529,14
5026,2529,3
5027,2529,5
5028,2531,2
5029,2532,0
5030,2532,8
5031,2533,14
5032,2533,4
5033,2534,5
5034,2534,3
5035,2536,8
5036,2536,6
5037,2537,14
5038,2537,10
5039,2537,15
5040,2538,1
5041,2539,7
5042,2541,9
5043,2542,10
5044,2542,10
5045,2543,4
5046,2543,5
5047,2544,13
5048,2546,16
5049,2546,9
5050,2546,3
5051,2547,1
5052,2547,5
5053,2547,16
5054,2548,15
5055,2548,14
5056,2548,1
5057,2548,4
5058,2549,10
5059,2549,16
5060,2549,2
5061,2551,9
5062,2552,11
5063,2553,9
5064,2553,10
5065,2554,12
5066,2554,11
5067,2554,15
5068,2556,1
5069,2556,9
5070,2557,3
5071,2558,7
5072,2558,8
5073,2559,12
5074,2561,13
5075,2561,6
5076,2562,2
5077,2562,0
5078,2562,16
5079,2563,3
5080,2564,13
5081,2564,9
5082,2566,16
5083,2566,1
5084,2566,0
5085,2567,7
5086,2567,7
5087,2567,13
5088,2567,8
5089,2568,8
5090,2569,7
5091,2569,11
5092,2571,7
5093,2572,14
5094,2573,11
5095,2573,14
5096,2574,16
5097,2576,1
5098,2576,4
5099,2577,16
5100,2577,6
5101,2578,12
5102,2578,6
5103,2578,3
5104,2578,13
5105,2579,9
5106,2579,3
5107,2579,9
5108,2581,5
5109,2581,16
5110,2581,15
5111,2582,1
5112,2582,0
5113,2582,1
5114,2583,10
5115,2583,0
5116,2584,0
5117,2584,8
5118,2586,8
5119,2586,7
5120,2587,10
5121,2587,4
5122,2588,8
5123,2588,15
5124,2588,8
5125,2589,14
5126,2589,14
5127,2589,1
5128,2589,8
5129,2591,1
5130,2592,6
5131,2592,7
5132,2592,8
5133,2592,11
5134,2593,11
5135,2594,12
5136,2594,9
5137,2594,0
5138,2594,15
5139,2596,12
5140,2597,4
5141,2597,2
5142,2597,1
5143,2597,11
5144,2598,1
5145,2598,3
5146,2598,5
5147,2598,9
5148,2599,6
5149,2599,14
5150,2599,13
5151,2599,11
5152,2601,2
5153,2601,8
5154,2602,6
5155,2602,12
5156,2603,15
5157,2603,5
5158,2603,7
5159,2604,6
5160,2604,4
5161,2606,3
5162,2607,14
5163,2607,13
5164,2607,4
5165,2608,2
5166,2608,14
5167,2608,16
5168,2609,3
5169,2609,11
5170,2609,1
5171,2609,16
5172,2611,13
5173,2612,7
5174,2612,9
5175,2612,14
5176,2612,16
5177,2613,8
5178,2614,6
5179,2614,11
5180,2614,9
5181,2614,7
5182,2616,9
5183,2616,9
5184,2617,0
5185,2618,14
5186,2619,14
5187,2619,5
5188,2621,6
5189,2621,0
5190,2621,5
5191,2622,10
5192,2623,6
5193,2623,11
5194,2623,5
5195,2623,5
5196,2624,1
5197,2624,8
5198,2624,8
5199,2624,1
5200,2626,7
5201,2626,8
5202,2627,5
5203,2628,8
5204,2628,16
5205,2628,14
5206,2629,4
5207,2629,16
5208,2629,3
5209,2629,15
5210,2631,12
5211,2631,1
5212,2631,1
5213,2632,6
5214,2632,12
5215,2633,1
5216,2633,12
5217,2633,13
5218,2634,9
5219,2634,9
5220,2636,7
5221,2636,14
5222,2636,7
5223,2636,16
5224,2637,12
5225,2637,15
5226,2637,11
5227,2638,7
5228,2639,0
5229,2639,14
5230,2639,8
5231,2639,15
5232,2641,12
5233,2641,16
5234,2642,7
5235,2642,11
5236,2643,11
5237,2644,0
5238,2644,4
5239,2644,6
5240,2646,2
5241,2646,7
5242,2646,0
5243,2647,13
5244,2647,9
5245,2648,11
5246,2648,9
5247,2649,7
5248,2649,10
5249,2651,9
5250,2651,8
5251,2651,16
5252,2652,16
5253,2653,2
5254,2653,8
5255,2653,3
5256,2653,11
5257,2654,10
5258,2654,7
5259,2654,3
5260,2656,12
5261,2656,4
5262,2657,11
5263,2657,10
5264,2657,11
5265,2657,8
5266,2658,12
5267,2658,9
5268,2658,3
5269,2658,6
5270,2659,15
5271,2659,9
5272,2661,14
5273,2662,10
5274,2662,14
5275,2663,8
5276,2664,12
5277,2664,16
5278,2666,3
5279,2666,2
5280,2666,6
5281,2666,15
5282,2667,16
5283,2667,0
5284,2668,6
5285,2668,9
5286,2668,5
5287,2669,3
5288,2669,12
5289,2671,12
5290,2671,1
5291,2671,7
5292,2671,2
5293,2672,0
5294,2672,15
5295,2672,6
5296,2673,2
5297,2673,4
5298,2674,3
5299,2674,10
5300,2674,3
5301,2676,2
5302,2676,0
5303,2676,15
5304,2677,14
5305,2677,1
5306,2678,8
5307,2678,12
5308,2679,5
5309,2679,0
5310,2679,7
5311,2679,10
5312,2681,2
5313,2681,3
5314,2682,3
5315,2682,13
5316,2683,8
5317,2683,8
5318,2683,2
5319,2683,12
5320,2684,1
5321,2686,15
5322,2687,0
5323,2687,11
5324,2687,13
5325,2688,5
5326,2688,15
5327,2689,13
5328,2689,12
5329,2689,15
5330,2691,9
5331,2692,15
5332,2693,7
5333,2693,6
5334,2694,2
5335,2694,3
5336,2696,15
5337,2697,5
5338,2697,16
5339,2697,10
5340,2698,9
5341,2699,10
5342,2701,13
5343,2701,3
5344,2701,10
5345,2701,4
5346,2702,2
5347,2702,4
5348,2702,15
5349,2702,4
5350,2703,0
5351,2703,9
5352,2704,9
5353,2704,10
5354,2704,1
5355,2704,3
5356,2706,2
5357,2707,12
5358,2708,15
5359,2708,13
5360,2709,6
5361,2709,11
5362,2709,10
5363,2711,5
5364,2711,2
5365,2711,12
5366,2711,9
5367,2712,15
5368,2712,1
5369,2712,2
5370,2713,9
5371,2713,8
5372,2713,12
5373,2714,4
5374,2714,14
5375,2716,13
5376,2716,15
5377,2717,16
5378,2717,10
5379,2718,12
5380,2718,0
5381,2718,9
5382,2718,14
5383,2719,8
5384,2719,5
5385,2719,4
5386,2719,12
5387,2721,5
5388,2721,8
5389,2721,13
5390,2722,13
5391,2722,5
5392,2723,12
5393,2724,9
5394,2724,11
5395,2724,1
5396,2724,13
5397,2726,2
5398,2726,15
5399,2726,3
5400,2727,9
5401,2727,0
5402,2728,15
5403,2728,5
5404,2728,0
5405,2728,15
5406,2729,11
5407,2729,3
5408,2729,10
5409,2731,16
5410,2731,2
5411,2731,14
5412,2732,6
5413,2732,9
5414,2732,3
5415,2733,15
5416,2734,10
5417,2736,7
5418,2737,11
5419,2737,7
5420,2738,7
5421,2738,7
5422,2739,8
5423,2739,7
5424,2739,0
5425,2739,15
5426,2741,4
5427,2742,3
5428,2742,4
5429,2742,15
5430,2743,10
5431,2743,14
5432,2743,5
5433,2743,11
5434,2744,10
5435,2744,8
5436,2744,10
5437,2744,0
5438,2746,16
5439,2746,10
5440,2746,9
5441,2747,3
5442,2747,15
5443,2747,14
5444,2747,8
5445,2748,11
5446,2748,2
5447,2748,9
5448,2749,2
5449,2751,12
5450,2752,7
5451,2752,8
5452,2752,11
5453,2753,9
5454,2753,10
5455,2754,0
5456,2754,11
5457,2756,11
5458,2756,15
5459,2756,8
5460,2757,13
5461,2757,2
5462,2757,1
5463,2757,5
5464,2758,15
5465,2758,8
5466,2758,10
5467,2758,1
5468,2759,13
5469,2759,15
5470,2759,14
5471,2759,0
5472,2761,11
5473,2762,1
5474,2762,4
5475,2762,6
5476,2762,8
5477,2763,1
5478,2764,13
5479,2764,5
5480,2766,8
5481,2767,15
5482,2767,11
5483,2767,3
5484,2767,12
5485,2768,8
5486,2768,8
5487,2768,7
5488,2769,9
5489,2771,1
5490,2771,7
5491,2771,9
5492,2771,12
5493,2772,16
5494,2773,13
5495,2773,14
5496,2774,14
5497,2774,7
5498,2774,13
5499,2774,14
5500,2776,15
5501,2776,3
5502,2777,9
5503,2777,2
5504,2777,9
5505,2778,6
5506,2778,8
5507,2778,6
5508,2779,4
5509,2779,1
5510,2779,7
5511,2781,10
5512,2782,10
5513,2782,14
5514,2783,5
5515,2783,7
5516,2783,3
5517,2784,4
5518,2784,7
5519,2786,4
5520,2786,11
5521,2787,10
5522,2788,14
5523,2788,12
5524,2788,11
5525,2789,10
5526,2791,4
5527,2791,16
5528,2792,9
5529,2792,15
5530,2792,5
5531,2793,4
5532,2793,4
5533,2793,11
5534,2793,7
5535,2794,8
5536,2794,1
5537,2794,9
5538,2796,10
5539,2796,7
5540,2796,1
5541,2797,1
5542,2797,10
5543,2798,8
5544,2798,5
5545,2798,8
5546,2798,7
5547,2799,8
5548,2799,5
5549,2799,7
5550,2801,9
5551,2801,10
5552,2801,3
5553,2802,8
5554,2802,13
5555,2803,9
5556,2803,12
5557,2803,15
5558,2803,2
5559,2804,3
5560,2806,13
5561,2806,3
5562,2806,8
5563,2807,7
5564,2807,8
5565,2808,2
5566,2808,7
5567,2809,8
5568,2811,1
5569,2811,9
5570,2812,1
5571,2812,12
5572,2812,2
5573,2813,11
5574,2813,7
5575,2814,0
5576,2814,14
5577,2814,14
5578,2814,16
5579,2816,15
5580,2816,9
5581,2816,5
5582,2817,14
5583,2817,15
5584,2817,2
5585,2817,5
5586,2818,5
5587,2818,4
5588,2818,14
5589,2818,0
5590,2819,2
5591,2821,1
5592,2822,5
5593,2822,7
5594,2822,3
5595,2822,9
5596,2823,16
5597,2823,7
5598,2824,10
5599,2826,10
5600,2826,9
5601,2826,3
5602,2826,10
5603,2827,7
5604,2828,7
5605,2829,1
5606,2829,1
5607,2829,4
5608,2829,3
5609,2831,9
5610,2831,8
5611,2831,16
5612,2832,7
5613,2832,7
5614,2832,15
5615,2833,13
5616,2833,14
5617,2833,1
5618,2833,3
5619,2834,16
5620,2834,5
5621,2834,4
5622,2834,8
5623,2836,9
5624,2836,9
5625,2836,14
5626,2837,7
5627,2837,5
5628,2838,13
5629,2839,5
5630,2839,9
5631,2839,10
5632,2841,6
5633,2841,0
5634,2841,13
5635,2841,9
5636,2842,6
5637,2842,10
5638,2842,6
5639,2843,14
5640,2843,5
5641,2844,0
5642,2846,5
5643,2847,15
5644,2847,0
5645,2847,5
5646,2847,4
5647,2848,3
5648,2848,4
5649,2848,8
5650,2848,13
5651,2849,0
5652,2849,1
5653,2849,11
5654,2849,11
5655,2851,8
5656,2851,11
5657,2851,7
5658,2852,4
5659,2852,16
5660,2852,11
5661,2853,11
5662,2853,6
5663,2853,5
5664,2854,14
5665,2856,13
5666,2856,1
5667,2857,12
5668,2857,7
5669,2858,16
5670,2858,15
5671,2858,4
5672,2858,9
5673,2859,4
5674,2859,9
5675,2859,10
5676,2861,14
5677,2862,0
5678,2862,1
5679,2862,16
5680,2862,9
5681,2863,13
5682,2863,16
5683,2863,15
5684,2863,6
5685,2864,13
5686,2866,5
5687,2866,9
5688,2867,5
5689,2867,12
5690,2867,10
5691,2867,12
5692,2868,15
5693,2868,14
5694,2868,7
5695,2868,7
5696,2869,10
5697,2869,6
5698,2869,15
5699,2869,4
5700,2871,6
5701,2871,1
5702,2872,3
5703,2872,16
5704,2872,5
5705,2873,4
5706,2873,15
5707,2873,7
5708,2873,7
5709,2874,7
5710,2874,9
5711,2874,12
5712,2874,16
5713,2876,8
5714,2876,9
5715,2877,12
5716,2877,7
5717,2878,4
5718,2878,11
5719,2878,13
5720,2879,13
5721,2879,8
5722,2879,1
5723,2879,0
5724,2881,11
5725,2881,12
5726,2881,9
5727,2882,10
5728,2882,0
5729,2883,6
5730,2883,11
5731,2883,0
5732,2883,15
5733,2884,2
5734,2884,3
5735,2886,12
5736,2886,9
5737,2886,5
5738,2887,3
5739,2887,14
5740,2887,0
5741,2888,11
5742,2889,7
5743,2891,10
5744,2891,15
5745,2891,12
5746,2891,12
5747,2892,5
5748,2893,7
5749,2894,10
5750,2896,15
5751,2897,5
5752,2898,16
5753,2898,16
5754,2898,16
5755,2898,12
5756,2899,8
5757,2899,10
5758,2899,2
5759,2901,9
5760,2902,10
5761,2902,14
5762,2903,12
5763,2903,12
5764,2903,12
5765,2903,7
5766,2904,3
5767,2906,5
5768,2906,16
5769,2906,10
5770,2906,4
5771,2907,11
5772,2907,13
5773,2907,8
5774,2908,3
5775,2908,12
5776,2908,6
5777,2909,8
5778,2911,13
5779,2912,2
5780,2913,12
5781,2914,9
5782,2914,15
5783,2914,3
5784,2916,5
5785,2916,7
5786,2917,0
5787,2917,0
5788,2917,2
5789,2917,15
5790,2918,2
5791,2918,0
5792,2918,12
5793,2919,4
5794,2921,8
5795,2922,9
5796,2923,10
5797,2924,3
5798,2924,2
5799,2924,11
5800,2926,7
5801,2927,1
5802,2928,2
5803,2928,13
5804,2928,14
5805,2928,11
5806,2929,3
5807,2929,13
5808,2931,9
5809,2931,3
5810,2932,7
5811,2932,15
5812,2933,12
5813,2933,3
5814,2933,4
5815,2933,6
5816,2934,12
5817,2934,15
5818,2934,4
5819,2934,6
5820,2936,7
5821,2936,6
5822,2936,7
5823,2937,13
5824,2938,4
5825,2938,15
5826,2938,13
5827,2939,6
5828,2939,7
5829,2939,16
5830,2941,0
5831,2942,16
5832,2942,15
5833,2942,12
5834,2942,6
5835,2943,10
5836,2943,3
5837,2944,9
5838,2946,9
5839,2947,11
5840,2948,14
5841,2948,8
5842,2949,12
5843,2951,11
5844,2951,3
5845,2952,0
5846,2952,11
5847,2952,6
5848,2952,4
5849,2953,13
5850,2953,12
5851,2953,10
5852,2954,13
5853,2954,9
5854,2954,4
5855,2954,10
5856,2956,4
5857,2956,15
5858,2956,2
5859,2956,11
5860,2957,11
5861,2958,7
5862,2959,13
5863,2959,14
5864,2959,6
5865,2961,0
5866,2961,5
5867,2962,8
5868,2962,5
5869,2962,16
5870,2962,1
5871,2963,5
5872,2963,13
5873,2963,12
5874,2964,1
5875,2964,1
5876,2966,8
5877,2967,1
5878,2967,4
5879,2968,13
5880,2969,16
5881,2969,4
5882,2971,16
5883,2971,2
5884,2971,12
5885,2971,3
5886,2972,3
5887,2972,14
5888,2972,0
5889,2973,3
5890,2973,16
5891,2973,15
5892,2974,5
5893,2974,7
5894,2976,3
5895,2976,10
5896,2977,12
5897,2977,3
5898,2978,16
5899,2978,9
5900,2978,15
5901,2978,3
5902,2979,10
5903,2979,11
5904,2981,7
5905,2982,16
5906,2983,16
5907,2983,9
5908,2983,3
5909,2983,10
5910,2984,5
5911,2984,4
5912,2986,12
5913,2986,10
5914,2986,15
5915,2987,0
5916,2988,11
5917,2988,10
5918,2988,7
5919,2988,3
5920,2989,10
5921,2989,12
5922,2989,5
5923,2989,11
5924,2991,0
5925,2991,5
5926,2991,12
5927,2991,6
5928,2992,3
5929,2992,9
5930,2993,7
5931,2994,16
5932,2996,12
5933,2997,9
5934,2997,9
5935,2997,0
5936,2998,15
5937,2999,6
5938,2999,11
